player,map,N,lambda,VMR,Disp_Stat,P_disp,Chi_stat,P_chi,n_bins,reject_disp,reject_chi,NB_stat,P_nb,alpha_hat,nb_defined,reject_nb
AZUWU,Ancient,118,5.245762711864407,1.4010052055286302,163.91760904684972,0.005524122311488469,14.762369767839749,0.022187686433183754,8,1,1,8.17155192803233,0.31771010510218883,0.07644364176474694,1,0.0
AZUWU,Anubis,65,4.846153846153846,1.2202380952380951,78.09523809523809,0.22149635893825373,6.558170242536193,0.25562674422440285,7,0,0,5.8815409406258565,0.31791671582729336,0.04544595616024185,1,0.0
AZUWU,Dust2,82,4.7926829268292686,1.606037759557692,130.08905852417305,0.0008894674512529773,7.927084003038675,0.16030021937217245,7,1,0,11.875201242573649,0.06481152730185842,0.12645062667615964,1,0.0
AZUWU,Inferno,79,5.227848101265823,2.025392686409635,157.98062953995156,4.58361006828913e-07,12.95153881827912,0.04381200155386613,8,1,1,7.018501398550648,0.5346378267895433,0.19614048965220623,1,0.0
AZUWU,Mirage,126,4.968253968253968,1.3008562300319484,162.60702875399357,0.026699562703562833,11.156056547456656,0.1319552833061574,9,1,0,4.032531399021797,0.7760228926305367,0.06055572681154234,1,0.0
AZUWU,Nuke,71,4.732394366197183,0.9898809523809526,69.29166666666669,0.997096612644509,2.155077686898974,0.8272976126044653,7,0,0,,,,0,
Kvem,Ancient,72,6.375,1.323115161557581,93.94117647058823,0.07115935447789248,8.073055482877852,0.23279980029444494,8,0,0,5.515886269677521,0.5972683831083292,0.05068473122471857,1,0.0
Kvem,Anubis,57,5.228070175438597,1.1409395973154361,63.89261744966443,0.43791930395775364,4.622916290576759,0.4636079491684121,7,0,0,9.025411489693612,0.1080548617850921,0.026958245124093495,1,0.0
Kvem,Dust2,73,6.301369863013699,1.16237922705314,83.69130434782608,0.32663615217312614,4.086982904257034,0.6649063955711978,8,0,0,5.537663883994735,0.47691625227929146,0.02576887733669394,1,0.0
Kvem,Inferno,54,5.703703703703703,1.3736829208527324,72.80519480519482,0.07366763826237277,1.7483675568677626,0.8827508092553769,7,0,0,1.669683882565636,0.9474376454758591,0.06551583677288166,1,0.0
Kvem,Mirage,108,5.703703703703703,1.5345308896710768,164.1948051948052,0.0006343441745220422,10.094393328314993,0.18328709810303526,9,1,0,3.759991757509463,0.8781026364352947,0.09371645468259139,1,0.0
Kvem,Nuke,46,4.434782608695652,1.2793028322440088,57.568627450980394,0.19801758982141057,0.8795552106349674,0.9274754587600331,6,0,0,2.5106273743662544,0.47337354009530175,0.06298005040796277,1,0.0
alex,Ancient,109,6.220183486238532,1.33781273899268,144.48377581120943,0.021913524054028514,15.24363006103932,0.054577791080102994,10,1,0,10.968134789882198,0.2035112716631956,0.05430912765516538,1,0.0
alex,Inferno,82,6.7073170731707314,1.5368799102132435,124.48727272727272,0.0027346455950381676,12.469656189590053,0.08613384602174895,9,1,0,17.43733347106649,0.02586399604121454,0.08004391388633812,1,1.0
alex,Mirage,78,4.948717948717949,1.4218424062983654,109.48186528497413,0.017698138337770893,4.74027258108424,0.5775302124870048,8,1,0,1.2155193934671835,0.9761112235185727,0.08524276603956607,1,0.0
alex,Nuke,96,4.71875,1.1586615545486232,110.0728476821192,0.27647454711959707,2.902787818884801,0.71497004348346,7,0,0,2.2845536685590058,0.8917575330422768,0.03362364069904596,1,0.0
vicu,Ancient,46,5.543478260869565,1.4488017429193893,65.19607843137253,0.052099190075872485,2.8708409508791783,0.7198901929214234,7,0,0,4.46439726890924,0.484661047300442,0.08096031440898789,1,0.0
ammar,Ancient,73,4.616438356164384,1.2012034289482358,86.48664688427299,0.23431366166996348,6.397831406388965,0.2694091782676992,7,0,0,4.757605974695802,0.4461726386255622,0.043584125558519926,1,0.0
ammar,Dust2,82,4.463414634146342,1.273426431896377,103.14754098360655,0.0981077970707281,8.605933598779652,0.19698282676812243,8,0,0,6.580126945219204,0.25378534731974334,0.06125947381284951,1,0.0
ammar,Inferno,42,4.142857142857143,1.36080740117746,55.793103448275865,0.12306028033825345,2.8956466144289097,0.5754378074789195,6,0,0,1.715963791392858,0.6333905309922712,0.08709144166352482,1,0.0
ammar,Mirage,80,4.9625,1.1960271657685806,94.48614609571787,0.22556028849051332,5.641348316617435,0.4645400872196621,8,0,0,5.138980257404358,0.39915554965453837,0.03950169587276185,1,0.0
EmiliaQAQ,Ancient,70,5.285714285714286,1.3991382687034861,96.54054054054055,0.03197613750912839,9.451585487680585,0.14972847202196055,8,1,0,4.914077096358913,0.5548797787941839,0.07551264543038926,1,0.0
EmiliaQAQ,Anubis,56,4.75,1.5177033492822967,83.47368421052632,0.015849274219742096,8.04899008067632,0.15355627527303142,7,1,0,5.292235752124394,0.5069145117966893,0.10899017879627297,1,0.0
EmiliaQAQ,Dust2,92,5.184782608695652,1.4282258621881259,129.96855345911948,0.009217435179304977,7.536907065903286,0.2740301086627466,8,1,0,8.074769123639538,0.3260470617625532,0.08259282876584399,1,0.0
EmiliaQAQ,Inferno,56,5.410714285714286,1.2687068706870688,69.77887788778878,0.17322513539696083,3.2982003256139003,0.7705954160642059,8,0,0,2.206917964507614,0.8198360859060775,0.049661995902560575,1,0.0
EmiliaQAQ,Nuke,64,3.625,0.7837985769020253,49.37931034482759,0.21009268044147003,2.9160656395538322,0.5719684442644182,6,0,0,,,,0,
roman,Ancient,59,5.135593220338983,1.2855354500967342,74.56105610561058,0.14094163975890855,5.586515900801324,0.3485523314509557,7,0,0,4.85159426684498,0.4342591753366849,0.05559931206504064,1,0.0
roman,Anubis,49,3.836734693877551,1.5458776595744683,74.20212765957447,0.017968996638712563,3.4694453774333343,0.4825394250921502,6,1,0,4.372350316994004,0.3579528622428978,0.14227662403802632,1,0.0
roman,Nuke,77,3.6103896103896105,0.9341158652025748,70.9928057553957,0.7180950638111678,1.7253781217670288,0.8856871639248957,7,0,0,,,,0,
NAF,Ancient,68,6.735294117647059,1.3057420321970932,87.48471615720524,0.09449303744983172,4.4273269737720575,0.7294497379048568,9,0,0,3.412211870872198,0.7556105146770646,0.045394013513978884,1,0.0
NAF,Anubis,47,5.23404255319149,1.247790738776953,57.39837398373983,0.2417669381173431,5.460576173419298,0.24321666169115796,6,0,0,4.948468800838153,0.42220148308607675,0.04734213301836092,1,0.0
NAF,Dust2,59,5.033898305084746,1.6026936026936027,92.95622895622895,0.004864987395788458,8.477487725324048,0.13180989265964202,7,1,0,9.965506969445402,0.07621851123024206,0.11972701198290422,1,0.0
NAF,Inferno,73,5.6438356164383565,1.675229234088457,120.61650485436891,0.000582920062493627,16.70368702278552,0.010436203698823289,8,1,1,9.951344288623176,0.19134755374749576,0.11964013128266347,1,0.0
NAF,Mirage,65,4.7384615384615385,1.9209618506493502,122.94155844155841,2.6936308466472892e-05,20.788846773557935,0.0008879369180251476,7,1,1,3.940718306745663,0.6846987291810781,0.1943588321175577,1,0.0
NAF,Nuke,66,5.03030303030303,1.1620018535681187,75.53012048192771,0.3494361084138465,7.032018179418155,0.21826994636652142,7,0,0,10.588986837419625,0.06016641376839711,0.03220518775751755,1,0.0
sdy,Ancient,105,6.0,1.5544871794871795,161.66666666666666,0.000505726063747037,7.662525871977782,0.3632901268046489,9,1,0,7.320658093576242,0.5024640398852321,0.0924145299145299,1,0.0
sdy,Anubis,77,5.909090909090909,1.4615384615384617,111.07692307692308,0.010790181989199642,8.571633965446136,0.28489046138256385,9,1,0,5.90987133033251,0.5503118616411371,0.07810650887573965,1,0.0
sdy,Dust2,84,6.333333333333333,1.5954343690551682,132.42105263157896,0.0009239840117695056,15.051789054813526,0.019857714741932916,8,1,1,13.252749656252004,0.10344412790041822,0.0940159530087108,1,0.0
sdy,Mirage,93,5.21505376344086,1.0748543254146123,98.88659793814435,0.586153234247446,5.505464429239537,0.4807965002775567,8,0,0,5.074951510534888,0.4068017132694537,0.01435350982177103,1,0.0
sdy,Nuke,71,5.042253521126761,1.5777334397446134,110.44134078212294,0.0029459067798720748,6.93902379463821,0.3265231041895772,8,1,0,4.216228315876474,0.7545625451886796,0.11457841961415514,1,0.0
oSee,Ancient,67,4.731343283582089,1.6625561609788742,109.72870662460569,0.001172218225095517,10.345024368256853,0.06602896153783516,7,1,0,5.029335774038167,0.5400561301539404,0.1400355292920649,1,0.0
oSee,Anubis,59,5.271186440677966,1.581993569131833,91.75562700964632,0.006263033039600104,12.830096417069406,0.04581478658379454,8,1,1,3.103164034968848,0.6840845928298309,0.11041035555877216,1,0.0
oSee,Dust2,61,6.147540983606557,1.1269333333333331,67.616,0.4665417434670932,4.11636930144423,0.6609319222861394,8,0,0,3.132612238949332,0.6795494058633536,0.020647822222222202,1,0.0
oSee,Inferno,67,5.835820895522388,1.4933736340385957,98.56265984654732,0.011582151915608215,6.300178997352528,0.27809612015315693,7,1,0,8.443226036330058,0.20739557298501188,0.084542285116588,1,0.0
oSee,Mirage,85,5.435294117647059,1.359925788497217,114.23376623376623,0.031556299990618174,7.14850674871229,0.3073315868111878,8,1,0,4.866482784352716,0.5610484074508384,0.06622011260230182,1,0.0
Viggo,Ancient,61,5.737704918032787,1.4343809523809525,86.06285714285715,0.030690194798441005,9.878943106550297,0.07873891250395412,7,1,0,10.244634940141783,0.11472079058976416,0.07570639455782317,1,0.0
Viggo,Nuke,50,3.98,1.1843913444774894,58.03517587939698,0.35321017540172855,6.12110790036752,0.1902845786623884,6,0,0,6.301239282309968,0.17775270241819108,0.04632948353705765,1,0.0
ChildKing,Ancient,86,5.1395348837209305,1.7266968325791852,146.76923076923075,7.32710808344521e-05,7.8018947926193345,0.25297929434598226,8,1,0,12.218465473651287,0.09359955512529064,0.14139350136156092,1,0.0
ChildKing,Anubis,43,4.674418604651163,1.0056858564321252,42.23880597014925,0.9213024552543653,9.1915303392797,0.056486416950717246,6,0,0,9.237793330525315,0.026290796876352506,0.0012163772466735343,1,1.0
ChildKing,Dust2,56,4.696428571428571,1.2692015209125478,69.80608365019012,0.17252728884018526,5.064446499004735,0.4080658307094251,7,0,0,4.039503563706149,0.4006860222476249,0.057320475935751604,1,0.0
ChildKing,Inferno,74,5.743243243243243,1.4075423045930702,102.75058823529413,0.024864949976125563,5.913835801657456,0.4329112360400439,8,1,0,4.662204304531058,0.5878082179270874,0.07096030715267576,1,0.0
ChildKing,Mirage,58,5.068965517241379,1.4249910490511994,81.22448979591837,0.03847344994926285,5.70245528405103,0.3362560506639712,7,1,0,1.5253761492575941,0.9101229665013132,0.08384177158152917,1,0.0
chelleos,Anubis,52,4.75,1.3116615067079465,66.89473684210526,0.13378831039012487,6.562788680987897,0.2552385068490724,7,0,0,4.331381118966084,0.3630120166901851,0.06561294878062028,1,0.0
chelleos,Dust2,57,6.280701754385965,1.664704708699122,93.22346368715084,0.0026396783810129377,1.4082871992360286,0.9653523526951898,8,1,0,7.726815390918529,0.35729833510561054,0.10583287261410601,1,0.0
chelleos,Inferno,59,6.779661016949152,1.5719827586206898,91.17500000000001,0.007066309193525905,18.377939891268877,0.005353957889714204,8,1,1,13.725834812140278,0.056278119682587016,0.08436745689655177,1,0.0
chelleos,Mirage,64,5.0625,1.2972761120909269,81.72839506172839,0.11295649852717973,1.1416255160471425,0.95035350357612,7,0,0,5.086631282963252,0.40539941510685573,0.05872120732660284,1,0.0
chelleos,Nuke,79,5.1265822784810124,1.6223488445710674,126.54320987654326,0.0008452082787682962,6.8623429864782715,0.33376557535757023,8,1,0,5.022066909114819,0.6572701723426826,0.12139644128670204,1,0.0
Viggo,Ancient,61,5.737704918032787,1.4343809523809525,86.06285714285715,0.030690194798441005,9.878943106550297,0.07873891250395412,7,1,0,10.244634940141783,0.11472079058976416,0.07570639455782317,1,0.0
Viggo,Nuke,50,3.98,1.1843913444774894,58.03517587939698,0.35321017540172855,6.12110790036752,0.1902845786623884,6,0,0,6.301239282309968,0.17775270241819108,0.04632948353705765,1,0.0
Leomonster,Ancient,94,5.308510638297872,1.5273773353157931,142.04609218436877,0.001608180358674912,11.967803725986435,0.06269092997250506,8,1,0,1.222845742823996,0.990391331331653,0.09934563029996905,1,0.0
Leomonster,Dust2,72,5.666666666666667,1.1184755592377797,79.41176470588236,0.462184374080014,6.374882775294871,0.38253092265114164,8,0,0,9.43893850098614,0.15035549389406966,0.020907451630196406,1,0.0
Leomonster,Inferno,66,5.696969696969697,1.3338788870703764,86.70212765957446,0.07471573297844286,10.069201703533281,0.12176787354464896,8,0,0,9.178080789196489,0.16380785433113296,0.05860640039001286,1,0.0
Leomonster,Mirage,68,5.014705882352941,1.3303716023985646,89.13489736070383,0.07331016939175386,5.686900522638745,0.3378863688022527,7,0,0,7.601090763142285,0.17963396403889034,0.06588055414399528,1,0.0
Leomonster,Nuke,82,4.341463414634147,1.121653488694687,90.85393258426964,0.4255920494431793,4.42412813568499,0.6194806524673326,8,0,0,4.526500751482421,0.4763455776860144,0.028021309193720024,1,0.0
Kylar,Ancient,77,5.441558441558442,1.9174726793116437,145.72792362768493,5.339812470930108e-06,33.555065325552974,8.197758548502907e-06,8,1,1,9.227984710760326,0.3234301373952056,0.16860476445583905,1,0.0
Kylar,Dust2,44,4.590909090909091,1.8775040294727152,80.73267326732676,0.0008670437226971326,4.3299291977340015,0.36319233791536876,6,1,0,3.314813825380985,0.6515744676615031,0.19113949156831417,1,0.0
Kylar,Mirage,56,4.589285714285714,1.6859568447117086,92.72762645914398,0.00220985757492968,14.610408548483138,0.01216339814204072,7,1,1,10.339411887655281,0.11106726716603793,0.14946919573484702,1,0.0
Kylar,Nuke,82,3.8780487804878048,1.2376737324326423,100.25157232704403,0.14471815825449863,7.801235993430937,0.16753546843377184,7,0,0,7.934942527285665,0.15985770716481293,0.0612869372939518,1,0.0
cJ dA K1nG,Ancient,89,5.449438202247191,1.4680880974695412,129.1917525773196,0.005615279402433596,8.098381764511096,0.230983876608926,8,1,0,4.843927987447471,0.5639809139767697,0.08589657871090547,1,0.0
cJ dA K1nG,Inferno,42,5.023809523809524,1.7233845798173624,70.65876777251185,0.00543894973221934,25.159679834654458,0.00012978174786475492,7,1,1,19.246042511411733,0.001729467492769028,0.14399124337596783,1,1.0
cJ dA K1nG,Mirage,84,5.178571428571429,1.4106356460324059,117.08275862068969,0.01633958111174507,6.168892854811244,0.40453917492023517,8,1,0,1.7737858063983178,0.9712942674727058,0.0792951592338439,1,0.0
SENER1,Ancient,86,6.674418604651163,1.4434105349456856,122.68989547038328,0.009380813764021606,13.741721469266164,0.055970457038671415,9,1,0,14.032222366307352,0.08092940873962132,0.06643433101973685,1,0.0
SENER1,Dust2,46,7.3478260869565215,2.0336620644312946,91.51479289940825,0.00010317524303466729,5.880582939978642,0.4366994871567511,8,1,0,8.501128986209189,0.290482526509072,0.14067590225988033,1,0.0
SENER1,Mirage,86,5.046511627906977,1.3516942260775275,114.89400921658985,0.03415283595480917,11.230204025065838,0.08151699010573717,8,1,0,5.219335078206653,0.5160053079352345,0.069690560927805,1,0.0
buda,Ancient,71,6.126760563380282,1.3893596059113296,97.25517241379306,0.03460569888975817,5.594307718527912,0.47013240922548116,8,1,0,2.749071856413069,0.9072046905743891,0.06355064832115953,1,0.0
buda,Dust2,52,5.0576923076923075,1.654737940803698,84.39163498098858,0.004525597749366197,7.255972884569324,0.2022886684858279,7,1,0,6.223319362894243,0.28509151496805885,0.1294538894364726,1,0.0
buda,Mirage,55,5.054545454545455,1.6077804423128166,86.82014388489209,0.006132150457519511,2.368737173729461,0.7961204896677515,7,1,0,2.1285510006150616,0.8310868500339197,0.12024433211224789,1,0.0
buda,Nuke,67,4.2388059701492535,0.822769953051643,54.302816901408434,0.30470886991100066,2.582243628088034,0.7640612598363328,7,0,0,,,,0,
AGL,Dust2,44,5.545454545454546,1.5974075486084631,68.68852459016392,0.015335021837813007,9.274023502107035,0.05460348025507093,6,1,0,9.090407280213093,0.1055119978771359,0.107729230076936,1,0.0
Infinite,Ancient,50,6.3,1.77680596047943,87.06349206349206,0.0013279469195643016,9.772657202533704,0.1345581959937435,8,1,0,3.968220084209707,0.7834304850624816,0.12330253340943334,1,0.0
Infinite,Anubis,42,5.738095238095238,1.7602469385689707,72.17012448132779,0.003780382748955884,12.55397828519741,0.02793696798513445,7,1,1,6.374789852710807,0.3825406649456606,0.13249116771741395,1,0.0
Infinite,Mirage,76,4.934210526315789,1.00704,75.52799999999999,0.9223721338881834,10.767453573027511,0.05619069865548376,7,0,0,10.767764715438526,0.029301811896002044,0.0014267733333333068,1,1.0
Infinite,Nuke,43,4.441860465116279,1.2789827973074046,53.71727748691099,0.21236662012539792,2.796243820641342,0.5924812709547902,6,0,0,1.9601350063914122,0.5807219228847063,0.06280764546711202,1,0.0
noway,Anubis,78,5.089743589743589,1.1644803559161239,89.66498740554154,0.30654577602195004,8.745200470568598,0.1884230135204003,8,0,0,8.86395156913898,0.11461527505276839,0.03231603970140468,1,0.0
noway,Dust2,98,4.755102040816326,1.118977036414318,108.54077253218884,0.39796757619096645,2.615212332390791,0.8553572980061839,8,0,0,3.6326262774811258,0.7262488429585987,0.025020921821036816,1,0.0
noway,Inferno,106,5.160377358490566,1.4178984939496826,148.87934186471668,0.006317305230902128,4.1288292154572295,0.659247209314825,8,1,0,10.061621104596416,0.1851082688847012,0.08098215787690377,1,0.0
noway,Mirage,135,4.940740740740741,1.2076349884759112,161.8230884557721,0.10215797824280955,14.364786729933144,0.04506086000764178,9,0,1,13.417879118245432,0.06255815029027889,0.042025072630056996,1,0.0
noway,Nuke,134,4.014925373134329,1.0411717024904268,138.47583643122675,0.7098948398930455,4.119530408642854,0.6605044776436366,8,0,0,4.5651314005508805,0.4712166567044904,0.010254661958582116,1,0.0
innocent,Ancient,98,6.73469387755102,1.3518275538894096,131.12727272727273,0.02400636176015969,8.683332125857635,0.2761979880162455,9,1,0,5.957853190384665,0.6519530955980528,0.052241061032063836,1,0.0
innocent,Anubis,56,5.571428571428571,1.3305361305361307,73.17948717948718,0.1021659570190895,3.3438039399339687,0.6471422853337178,7,0,0,7.832861053238557,0.16569072856920036,0.059326997788536284,1,0.0
innocent,Dust2,59,6.610169491525424,1.3511936339522548,78.36923076923077,0.07727098492083477,2.0953296288014376,0.9107255583377989,8,0,0,4.389315163807432,0.6241466305572225,0.05312929334149495,1,0.0
innocent,Mirage,73,5.493150684931507,1.3963009143807148,100.53366583541145,0.029642115939261932,8.408346956771558,0.2096866017451387,8,1,0,5.9624494672734425,0.4274096607474117,0.07214455548576601,1,0.0
innocent,Nuke,98,4.6020408163265305,1.2219580771252887,118.529933481153,0.13588174734460337,3.471283903291985,0.7477862463483673,8,0,0,0.7769669183132075,0.9926770734934566,0.048230358222346545,1,0.0
Gizmy,Ancient,112,5.785714285714286,1.2034256478700924,133.58024691358025,0.14224747773653235,5.816639893259023,0.5613152866966941,9,0,0,4.002637610608697,0.7794735565317295,0.03515998852075671,1,0.0
Gizmy,Anubis,56,6.125,1.4786641929499071,81.3265306122449,0.024104565320901345,12.046979834142286,0.06092891103239832,8,1,0,13.0858560437857,0.04169262618262484,0.07814925599182158,1,1.0
Gizmy,Dust2,93,6.967741935483871,1.4365942028985508,132.16666666666669,0.007757997907351445,16.309488390286674,0.02243444447801545,9,1,1,14.589881913317237,0.06762796033163278,0.0626593531937735,1,0.0
Gizmy,Mirage,109,5.440366972477064,1.3630316657298107,147.20741989881955,0.014531435919143009,2.3953131844524234,0.9347716746583005,9,1,0,1.2367531183362226,0.9900558992542132,0.06672926064848121,1,0.0
Gizmy,Nuke,140,5.385714285714286,1.3453809896379978,187.00795755968167,0.008269984062753208,21.15917553114479,0.003541569020138178,9,1,1,17.16445583676065,0.028441450853299112,0.06412909621925686,1,1.0
synyx,Ancient,114,5.280701754385965,1.2987975185958311,146.76411960132893,0.03590611444558474,6.012677604838069,0.421771425775051,8,1,0,2.9383091587187984,0.8906498627403577,0.05658291880386171,1,0.0
synyx,Anubis,64,5.28125,1.3372781065088757,84.24852071005917,0.07637625951367193,5.987197487962638,0.4246257590621676,8,0,0,5.393698297320367,0.36974307605584966,0.06386331010818949,1,0.0
synyx,Dust2,93,4.989247311827957,1.3659576461769118,125.66810344827589,0.022677374871683552,3.9356173685121485,0.685388899348754,8,1,0,6.303033033800841,0.5048446290244273,0.07334926960011379,1,0.0
synyx,Inferno,47,5.23404255319149,1.1231884057971016,51.666666666666664,0.5241055413305628,4.896479537766334,0.2980852141112334,6,0,0,5.98267043322018,0.2004461992955613,0.023535996229527515,1,0.0
synyx,Mirage,95,4.505263157894737,1.1044939351759797,103.82242990654208,0.45864637271980563,2.1737204569778106,0.903048161715525,8,0,0,2.2672815022203054,0.8110601461352261,0.0231937472937338,1,0.0
synyx,Nuke,76,4.0131578947368425,1.0598032786885245,79.48524590163935,0.679339216021715,4.451930938930943,0.4863405601603681,7,0,0,4.3170260113310075,0.36479794404265,0.014901800591238922,1,0.0
Bwills,Ancient,57,5.894736842105263,1.3794642857142858,77.25,0.06290077890885082,6.948608779648846,0.22449048355066786,7,0,0,9.445292875149217,0.15004016620397442,0.06437340561224492,1,0.0
Bwills,Mirage,50,5.36,1.5135546756015839,74.16417910447761,0.02330164870959772,2.1702477965399924,0.704479799801354,6,1,0,4.035867311469118,0.5442635844686519,0.09581243947790744,1,0.0
xureba,Ancient,79,5.518987341772152,1.2816396142084217,99.9678899082569,0.09517294025962583,5.391954256518013,0.49461046355343596,8,0,0,6.892347873793587,0.33091772521232476,0.051031031014828684,1,0.0
xureba,Anubis,69,5.304347826086956,1.1771938283510128,80.04918032786887,0.30103680246179276,7.732426979742467,0.2583690978105711,8,0,0,5.99286777812684,0.3069135334419943,0.033405393869453216,1,0.0
xureba,Dust2,91,5.406593406593407,1.3521680216802168,121.69512195121952,0.029299759623353742,8.566424554368801,0.1994700374758869,8,1,0,8.024860055101813,0.23628764824186343,0.06513676823760108,1,0.0
xureba,Inferno,60,4.416666666666667,1.2225775503677645,72.1320754716981,0.2341746242872737,2.2317304006840923,0.6932244896795708,6,0,0,4.281752076464046,0.50960376748942,0.0503949170643995,1,0.0
xureba,Mirage,83,5.27710843373494,0.8010357500835285,65.68493150684932,0.18787691953372626,7.742392861505536,0.2575902909151481,8,0,0,,,,0,
xureba,Nuke,60,3.9,1.2837896566710125,75.74358974358974,0.13998025745501352,3.6965122845922913,0.5938830715391271,7,0,0,1.4371533109788348,0.8377125695243858,0.07276657863359295,1,0.0
ADDICT,Inferno,45,5.666666666666667,1.7085561497326203,75.17647058823529,0.004714561640334744,9.713187113432726,0.08378202994882779,7,1,0,4.278532764126039,0.6390399124923707,0.12503932054105063,1,0.0
ADDICT,Mirage,66,4.803030303030303,1.5388983256491142,100.02839116719244,0.006856986342313036,6.093647039778176,0.297213034941681,7,1,0,6.070308215338465,0.415360412390067,0.11219965139697649,1,0.0
Leomonster,Ancient,94,5.308510638297872,1.5273773353157931,142.04609218436877,0.001608180358674912,11.967803725986435,0.06269092997250506,8,1,0,1.222845742823996,0.990391331331653,0.09934563029996905,1,0.0
Leomonster,Dust2,72,5.666666666666667,1.1184755592377797,79.41176470588236,0.462184374080014,6.374882775294871,0.38253092265114164,8,0,0,9.43893850098614,0.15035549389406966,0.020907451630196406,1,0.0
Leomonster,Inferno,66,5.696969696969697,1.3338788870703764,86.70212765957446,0.07471573297844286,10.069201703533281,0.12176787354464896,8,0,0,9.178080789196489,0.16380785433113296,0.05860640039001286,1,0.0
Leomonster,Mirage,68,5.014705882352941,1.3303716023985646,89.13489736070383,0.07331016939175386,5.686900522638745,0.3378863688022527,7,0,0,7.601090763142285,0.17963396403889034,0.06588055414399528,1,0.0
Leomonster,Nuke,82,4.341463414634147,1.121653488694687,90.85393258426964,0.4255920494431793,4.42412813568499,0.6194806524673326,8,0,0,4.526500751482421,0.4763455776860144,0.028021309193720024,1,0.0
Kvem,Ancient,72,6.375,1.323115161557581,93.94117647058823,0.07115935447789248,8.073055482877852,0.23279980029444494,8,0,0,5.515886269677521,0.5972683831083292,0.05068473122471857,1,0.0
Kvem,Anubis,57,5.228070175438597,1.1409395973154361,63.89261744966443,0.43791930395775364,4.622916290576759,0.4636079491684121,7,0,0,9.025411489693612,0.1080548617850921,0.026958245124093495,1,0.0
Kvem,Dust2,73,6.301369863013699,1.16237922705314,83.69130434782608,0.32663615217312614,4.086982904257034,0.6649063955711978,8,0,0,5.537663883994735,0.47691625227929146,0.02576887733669394,1,0.0
Kvem,Inferno,54,5.703703703703703,1.3736829208527324,72.80519480519482,0.07366763826237277,1.7483675568677626,0.8827508092553769,7,0,0,1.669683882565636,0.9474376454758591,0.06551583677288166,1,0.0
Kvem,Mirage,108,5.703703703703703,1.5345308896710768,164.1948051948052,0.0006343441745220422,10.094393328314993,0.18328709810303526,9,1,0,3.759991757509463,0.8781026364352947,0.09371645468259139,1,0.0
Kvem,Nuke,46,4.434782608695652,1.2793028322440088,57.568627450980394,0.19801758982141057,0.8795552106349674,0.9274754587600331,6,0,0,2.5106273743662544,0.47337354009530175,0.06298005040796277,1,0.0
Cabbi,Ancient,136,5.073529411764706,1.2048953301127214,162.6608695652174,0.10514734860512848,1.7730862052262384,0.9713263753359017,9,0,0,1.8071534576273456,0.9697391372011934,0.04038516651497117,1,0.0
Cabbi,Anubis,89,4.224719101123595,1.090727756286267,95.9840425531915,0.5257963105094737,7.40693800057673,0.2848465131511683,8,0,0,7.246006509224619,0.20297793896525007,0.021475452950738737,1,0.0
Cabbi,Inferno,102,5.186274509803922,1.3276872110651516,134.0964083175803,0.030788651770895934,6.699490225598097,0.3495342037635925,8,1,0,4.198558354871744,0.756644458214234,0.06318354542277027,1,0.0
Cabbi,Mirage,156,4.4743589743589745,1.2182641648950918,188.83094555873922,0.06659719923722504,3.5201980884444435,0.833081516008537,9,0,0,2.220211985455821,0.8983726857724841,0.048781102755923074,1,0.0
Cabbi,Nuke,230,3.8521739130434782,1.2253886265734821,280.61399548532734,0.022500493471586117,8.532847379821492,0.2016045093533164,8,1,0,5.451212561840627,0.6050748981165868,0.05850946288024929,1,0.0
Cjoffo,Anubis,221,4.294117647058823,1.1409713574097133,251.01369863013696,0.1482663174393933,3.3555044577686313,0.850284941135633,9,0,0,4.178183389704054,0.6525775119848145,0.03282894624609765,1,0.0
Cjoffo,Dust2,110,4.663636363636364,1.346656651823238,146.78557504873294,0.01848290040183381,15.064678828310221,0.03517919686669838,9,1,1,7.906974210267666,0.24499816609703873,0.07433183567359879,1,0.0
Cjoffo,Inferno,159,3.748427672955975,1.2527397842154449,197.93288590604027,0.03419942621398002,3.785109533320478,0.705729949128461,8,1,0,2.835360247822481,0.8292090691503498,0.0674255464601606,1,0.0
Cjoffo,Mirage,174,4.522988505747127,1.3794757291536603,238.64930114358324,0.0013922400593446935,23.663281929100314,0.001305426920505602,9,1,1,12.498432308122535,0.08531375017936091,0.08389933528937345,1,0.0
Cjoffo,Nuke,175,4.12,1.5099877245843096,262.7378640776699,3.162538772026707e-05,10.110731724764573,0.1200656545453715,8,1,0,8.320344797214322,0.40281984573731355,0.12378342829716255,1,0.0
Salazar,Dust2,70,4.2,0.8253968253968251,56.95238095238094,0.30089282972027026,19.848190176014956,0.0013344080511620863,7,0,1,,,,0,
Salazar,Mirage,46,4.173913043478261,1.3768518518518518,61.95833333333333,0.09478783273992866,7.056698740748536,0.13292212152832994,6,0,0,6.617016918372574,0.15756508308740716,0.09028742283950617,1,0.0
Salazar,Nuke,57,4.5964912280701755,1.0866957470010905,60.854961832061065,0.61094024196028,3.142636139726657,0.6780062839273953,7,0,0,2.6791826498336095,0.6128622650430016,0.0188612884697029,1,0.0
freshie,Ancient,113,5.884955752212389,1.3040279269602577,146.05112781954887,0.03384163298070357,10.375204024509879,0.16828915614820317,9,1,0,6.03485378675608,0.5356856018688859,0.051661888340615233,1,0.0
freshie,Anubis,50,6.24,1.4623233908948194,71.65384615384615,0.03814875937249301,5.639635351307771,0.4647430635017481,8,1,0,2.3336197612850316,0.8013166454790421,0.07409028700237491,1,0.0
freshie,Dust2,53,5.60377358490566,1.4024864024864023,72.92929292929293,0.05860118408913428,4.559981569692017,0.4718984419283522,7,0,0,4.210594039842556,0.5195111490459381,0.07182417283427382,1,0.0
freshie,Mirage,86,5.023255813953488,1.2599128540305011,107.0925925925926,0.10595345894124714,7.073872968527429,0.31406950266820066,8,0,0,5.558050247933277,0.35162244114822166,0.05174191075607197,1,0.0
freshie,Nuke,50,4.74,1.1264100576939637,55.19409282700422,0.5042296481936331,14.82221592031865,0.011149615659248276,7,0,1,15.243191878476189,0.004222509210743339,0.02666878854303031,1,1.0
CSO,Ancient,44,4.568181818181818,1.144394307532107,49.2089552238806,0.47713698042811886,4.887598742305704,0.29902621289600206,6,0,0,4.237159304408259,0.23696776715490867,0.03160870413638162,1,0.0
JamYoung,Ancient,65,5.630769230769231,1.740266393442623,111.37704918032787,0.00045096353400270043,16.201390145209658,0.012712888136400582,8,1,1,10.505602934775983,0.10491193379155248,0.13146807533817073,1,0.0
JamYoung,Anubis,46,4.434782608695652,1.058823529411765,47.64705882352943,0.7310391515288772,0.7864840733545347,0.9402508243742869,6,0,0,0.6594310026550197,0.8827020984883994,0.013264129181084256,1,0.0
JamYoung,Inferno,92,6.673913043478261,1.6074023696173534,146.27361563517917,0.00042602257565845165,23.308616274451854,0.0015059162881880834,9,1,1,10.025856429956834,0.2632158217352148,0.09101142997523862,1,0.0
JamYoung,Mirage,73,5.164383561643835,1.4308134394341294,103.01856763925731,0.01930095385792285,11.97633702641771,0.062498782952830186,8,1,0,3.7598652737492055,0.7091349043884589,0.08342010896204627,1,0.0
JamYoung,Nuke,65,4.415384615384616,0.8980836236933798,57.47735191637631,0.5906589741432722,6.4598946093877965,0.26400391543998974,7,0,0,,,,0,
Noruyp,Ancient,50,3.24,1.115646258503401,54.66666666666666,0.536234900558537,2.8629901377958418,0.5810091659769279,6,0,0,1.9624283336937163,0.5802413500897385,0.035693289661543545,1,0.0
Noruyp,Nuke,59,2.2033898305084745,1.23289124668435,71.50769230769231,0.21905974290057045,1.4792687133834825,0.6870632994338917,5,0,0,1.395991755714474,0.7064745544376398,0.10569679657212815,1,0.0
Boombl4,Ancient,104,6.0576923076923075,1.3713669286484822,141.25079365079367,0.014794642721207433,13.74810928701006,0.05584718740291692,9,1,0,5.443385942713813,0.606021091697884,0.061305016792765316,1,0.0
Boombl4,Anubis,71,6.0,1.9428571428571428,136.0,7.830439230384214e-06,14.983516936492565,0.020385304326780172,8,1,1,16.004733423870817,0.02507315067251583,0.15714285714285714,1,1.0
Boombl4,Dust2,61,7.491803278688525,1.871480671043034,112.28884026258204,0.00010046103946384448,12.11249988350872,0.05950561631119868,8,1,0,10.404480607800629,0.2377760120542407,0.11632455346526274,1,0.0
Boombl4,Mirage,113,5.814159292035399,1.150358773646445,128.84018264840185,0.2638660149066235,5.092104786855785,0.6487241959957388,9,0,0,4.548744708117139,0.7148399174188462,0.02586079364086496,1,0.0
Boombl4,Nuke,104,4.875,1.1817276574558129,121.71794871794872,0.2011116289441606,5.1324234760417795,0.5269446122565815,8,0,0,5.322484617448602,0.5031659326529936,0.03727746819606416,1,0.0
szejn,Ancient,97,5.546391752577319,1.2020600991325898,115.39776951672863,0.17295879413561935,5.37636325050811,0.6141356054623488,9,0,0,4.619007944337946,0.5935200942822574,0.03643091006665654,1,0.0
szejn,Anubis,60,4.55,1.3069472899981376,77.10989010989012,0.11369330893318946,7.245432988613317,0.20301766471367788,7,0,0,6.197113992740324,0.2875086903862266,0.06746094285673353,1,0.0
szejn,Inferno,48,3.8333333333333335,1.0804810360777055,50.78260869565216,0.6537723475681352,2.4229971934105725,0.6584753362622539,6,0,0,2.252581546653371,0.5216658357978403,0.020995052889836215,1,0.0
szejn,Mirage,98,4.275510204081633,1.3395910734935903,129.94033412887828,0.028743697549607282,18.559805780644993,0.00497539713351827,8,1,1,16.82140669106504,0.009962504324139644,0.07942702912260584,1,1.0
szejn,Nuke,84,4.273809523809524,1.44534684699802,119.96378830083566,0.009935066766824706,9.912251743095172,0.1283962593563481,8,1,0,6.110255616119726,0.41095329401807273,0.10420371907474563,1,0.0
nEMANHA,Anubis,217,6.539170506912442,1.326703729804505,286.56800563777307,0.0018434294567782688,16.990661298774207,0.048862420244451234,11,1,1,14.080814598756149,0.11947939652613847,0.04996103549512164,1,0.0
nEMANHA,Dust2,114,6.2368421052631575,1.4169373809790524,160.1139240506329,0.004743668240862407,5.931743189300201,0.6548775808333906,10,1,0,4.0297714761446795,0.8544274266533929,0.06685071931309702,1,0.0
nEMANHA,Inferno,155,7.083870967741936,1.371241690913822,211.17122040072857,0.003065169722734809,16.250659429574956,0.038929733738391224,10,1,1,12.906135392795994,0.16689973817536316,0.05240661392681458,1,0.0
nEMANHA,Mirage,184,5.798913043478261,1.4865795012828982,272.04404873477034,4.235607785291659e-05,16.873646127266138,0.031452017408525185,10,1,1,7.451917142836618,0.5901765084853572,0.08390874248927205,1,0.0
nEMANHA,Nuke,184,4.994565217391305,1.3139906170284876,240.46028291621326,0.005595794843810988,13.687705819867574,0.09027724965946374,10,1,0,9.855410465733812,0.2753212799750728,0.06286645651060037,1,0.0
viz,Ancient,47,5.829787234042553,0.904792129482704,41.620437956204384,0.6878222840729102,1.3918265862531871,0.9252052642850797,7,0,0,,,,0,
viz,Inferno,52,5.9423076923076925,1.6393806713623957,83.60841423948219,0.00538473012244523,9.692398688534125,0.08443519304501494,7,1,0,4.841097632655179,0.5643493178143233,0.10759804178266852,1,0.0
gr1ks,Ancient,144,4.4375,1.398502905545159,199.98591549295776,0.002348873933144358,29.298270771365907,0.000127641352378838,9,1,1,19.298487474656966,0.007301965314557178,0.08980347167214853,1,1.0
gr1ks,Anubis,66,4.5606060606060606,1.3164835164835165,85.57142857142857,0.08915012961253051,7.565989417487389,0.18183272088665084,7,0,0,4.216429800416307,0.5186947545095907,0.06939505677047204,1,0.0
gr1ks,Dust2,51,4.078431372549019,1.1165384615384617,55.82692307692308,0.5302736664365889,2.4717865232772724,0.6496948786383674,6,0,0,4.832813520625569,0.30488597752801716,0.02857433431952665,1,0.0
gr1ks,Inferno,89,5.47191011235955,0.9182844875863356,80.80903490759754,0.6122104231425882,4.155565429846626,0.6556333330763418,8,0,0,,,,0,
gr1ks,Mirage,133,4.2481203007518795,1.256905336551354,165.91150442477874,0.048679742303660165,12.415289225856643,0.053320145168763336,8,1,0,8.754865472654664,0.1878408353581409,0.06047506152447805,1,0.0
gr1ks,Nuke,71,3.6056338028169015,1.1924107142857139,83.46874999999997,0.25928746240439293,5.103897093700876,0.4033325924982962,7,0,0,5.281382915826797,0.25962478280976664,0.05336390904017846,1,0.0
fl4sh,Nuke,46,4.173913043478261,1.6217592592592593,72.97916666666667,0.010422275105202087,7.085815332033029,0.13142217812253976,6,1,0,1.8207990551063618,0.7686749192558999,0.1489631558641976,1,0.0
Pipw,Ancient,52,5.0576923076923075,1.1352419294714085,57.89733840304183,0.47168993887037386,1.011176396050191,0.961659291605955,7,0,0,1.5062654090730714,0.8255310522199121,0.02673984917305413,1,0.0
Pipw,Anubis,74,4.824324324324325,0.9901768926748783,72.28291316526611,0.9965793473769574,5.647274669009428,0.342066742831556,7,0,0,,,,0,
Pipw,Mirage,46,4.586956521739131,1.507424960505529,67.8341232227488,0.030984985361297665,1.269676483687887,0.8664989539491559,6,1,0,5.820823877885395,0.21293481025316996,0.11062345110547078,1,0.0
Pipw,Nuke,61,3.6885245901639343,1.2429629629629626,74.57777777777777,0.19502955344832087,5.560565816865149,0.2344567699224961,6,0,0,6.909021618751363,0.14077483758244275,0.06586995884773654,1,0.0
mantuu,Ancient,97,5.092783505154639,1.293016194331984,124.12955465587046,0.056509425073130566,4.70249472751585,0.5824963447297031,8,0,0,2.280079352299217,0.9427280034530305,0.05753556852267703,1,0.0
mantuu,Anubis,84,5.107142857142857,1.7788356222091162,147.64335664335664,3.2881184346954774e-05,4.5822729480393365,0.5983906444523925,8,1,0,4.797537509454627,0.6846548399250156,0.15249928267031646,1,0.0
mantuu,Dust2,64,4.96875,1.2712388938804033,80.0880503144654,0.1439463014202284,7.844706162246204,0.16500440196542973,7,0,0,5.970855882168535,0.3090651070755516,0.05458895977467237,1,0.0
mantuu,Inferno,62,4.919354838709677,1.8414942219833383,112.33114754098365,0.00013890065661777883,10.455138977405412,0.06331961495049218,7,1,0,10.035536869950636,0.12316344010772325,0.17105784184579337,1,0.0
mantuu,Nuke,76,4.302631578947368,0.9483792048929662,71.12844036697247,0.7894569576390281,14.49192735255036,0.024598654599420053,8,0,1,,,,0,
rain,Ancient,96,5.75,1.2668192219679635,120.34782608695652,0.08110846062993193,12.663307370831916,0.08074932429840975,9,0,0,15.151751128158212,0.019108707329253453,0.04640334295095017,1,1.0
rain,Anubis,50,5.44,1.1266506602641055,55.205882352941174,0.503528202258864,4.835580943845742,0.43627405540236064,7,0,0,6.069208169798282,0.29954280614831447,0.023281371372078218,1,0.0
rain,Dust2,60,5.166666666666667,1.2214324767632587,72.06451612903227,0.23632136457958625,3.850080123484217,0.5711964886640171,7,0,0,2.187843772786943,0.8225899084099231,0.042857898728372666,1,0.0
rain,Inferno,69,5.101449275362318,1.2173295454545454,82.7784090909091,0.21431030131496107,7.976168394571007,0.2398544761610247,8,0,0,6.848036420874267,0.23218958107147017,0.04260153021694216,1,0.0
rain,Mirage,70,5.4714285714285715,1.9215574980133951,132.58746736292426,1.3188848766165847e-05,8.331456916616833,0.21481160290565243,8,1,0,6.562595186148208,0.584473226228299,0.1684308743105422,1,0.0
rain,Nuke,99,4.505050505050505,1.2655806717305758,124.02690582959643,0.07794627469431509,11.580199970000134,0.07201662424979205,8,0,0,9.43640515132244,0.150481369190622,0.05895176345589015,1,0.0
The eLiVe,Ancient,125,6.52,1.3719572531169602,170.12269938650306,0.007592033117998552,21.55933482523089,0.005801054869146297,10,1,1,12.085126533167957,0.1474459701595899,0.057048658453521486,1,0.0
The eLiVe,Anubis,90,5.7444444444444445,1.3439897420294264,119.61508704061895,0.033750414355745315,3.638227145846196,0.8203751581533727,9,1,0,3.803250415515013,0.802139797307748,0.05988216012117674,1,0.0
The eLiVe,Dust2,42,6.0,1.4471544715447155,59.333333333333336,0.06367021026016736,6.5835596619295895,0.2534984549631319,7,0,0,3.780617600635255,0.5814138856173943,0.07452574525745259,1,0.0
The eLiVe,Inferno,83,6.072289156626506,1.0715737514518,87.8690476190476,0.6173696212770602,3.095585848620817,0.7967577535605906,8,0,0,3.741960139873454,0.7115483101242981,0.011786947163689302,1,0.0
The eLiVe,Mirage,137,5.189781021897811,1.4239885827748822,193.66244725738397,0.0017114839080983634,14.851150518981102,0.03795548275148605,9,1,1,6.296993413902574,0.6140021533186305,0.08169681552764957,1,0.0
The eLiVe,Nuke,63,4.603174603174603,0.8587319243604005,53.241379310344826,0.4434833319639905,2.6060686453475372,0.760442996859396,7,0,0,,,,0,
sjuush,Ancient,103,6.213592233009709,1.1286151960784312,115.11874999999999,0.3533817765574653,3.995245903316412,0.8575521367464738,10,0,0,3.401919871672868,0.8455022239020167,0.02069900811887254,1,0.0
sjuush,Anubis,56,4.767857142857143,1.304119850187266,71.72659176029963,0.12875279312593735,10.761464040335875,0.056320028154971724,7,0,0,10.231855476569233,0.03669806443585795,0.0637854367433966,1,1.0
sjuush,Dust2,69,4.608695652173913,1.5585460599334073,105.9811320754717,0.004388063615172719,4.147167876902,0.5284279685281007,7,1,0,0.9289637577139791,0.9881623407972222,0.121193956400645,1,0.0
sjuush,Mirage,66,5.666666666666667,1.0877828054298642,70.70588235294117,0.5860281755160087,5.667066674493969,0.46149870721365926,8,0,0,5.634209248881215,0.343453642391076,0.015491083311152513,1,0.0
sjuush,Nuke,125,4.664,1.019974547667792,126.4768439108062,0.8426348250112715,11.461389591179465,0.11972133121267853,9,0,0,11.34189411287473,0.07836732719248433,0.004282707475941657,1,0.0
kabal,Ancient,48,6.0625,1.1820574687431455,55.55670103092783,0.36711061777661663,3.520925387347516,0.620223743043516,7,0,0,3.1276631406210913,0.6803114133277138,0.030030097937013684,1,0.0
kabal,Inferno,44,5.431818181818182,1.5104602510460252,64.94979079497908,0.033787332597808875,4.411147259559697,0.3532135046767426,6,1,0,5.621488697165322,0.34480800998714567,0.09397594579926824,1,0.0
chudy,Ancient,43,5.511627906976744,1.4460518384569017,60.734177215189874,0.06130609686959245,2.099373017559059,0.7174875740685902,6,0,0,3.2849797048979807,0.6561420555976821,0.08092923651327752,1,0.0
mopoz,Ancient,112,5.3125,1.1939586645468998,132.52941176470588,0.16003723931960825,9.760439847913212,0.13510971506475464,8,0,0,5.143177691224342,0.5255851915752461,0.03650986626765173,1,0.0
mopoz,Anubis,54,5.666666666666667,1.338512763596004,70.94117647058822,0.10086622077268992,3.8115608680661928,0.5768530157138299,7,0,0,2.8156154445738464,0.7283866278654435,0.05973754651694188,1,0.0
mopoz,Inferno,93,5.989247311827957,1.1415190071032708,105.01974865350091,0.3337567286794795,9.502507246946369,0.2185614168359692,9,0,0,10.34252777424754,0.11094894362787038,0.023628846787440188,1,0.0
mopoz,Mirage,80,4.0875,1.3823791274726127,109.20795107033639,0.027618364446819504,4.001377289803879,0.5492176718733515,7,1,0,5.257428450770063,0.38527780804896145,0.09354841039085325,1,0.0
mopoz,Nuke,132,3.8636363636363638,1.4532555006735517,190.37647058823526,0.0010909670345123285,10.085969813727527,0.12107801894962586,8,1,0,2.6115051232627255,0.9184692393141064,0.11731318840962515,1,0.0
pavv,Dust2,53,5.547169811320755,2.0007849293563575,104.0408163265306,4.943622211399544e-05,15.041039042183174,0.010188416219048582,7,1,1,2.460558932369264,0.8728553719179352,0.1804136097139012,1,0.0
pavv,Inferno,47,5.914893617021277,1.263059117923053,58.100719424460436,0.21738288576989456,6.28877221330562,0.2791254709948118,7,0,0,4.171971918969009,0.3832319899460663,0.044474023533753564,1,0.0
pavv,Nuke,43,4.953488372093023,1.5665101721439751,65.79342723004696,0.021854835299434456,2.790172390522059,0.7322961631790825,7,1,0,2.3233527297672554,0.676520621408525,0.11436590329667104,1,0.0
Cliqq,Mirage,52,4.826923076923077,1.5657370517928286,79.85258964143425,0.012069023473425972,5.42845275479953,0.36585509122110815,7,1,0,5.084847727754327,0.40561333552212764,0.1172044888176378,1,0.0
Cliqq,Nuke,49,3.857142857142857,0.8317901234567902,39.925925925925924,0.42007398427544407,4.67269966984591,0.3225579434279395,6,0,0,,,,0,
ksloks,Ancient,117,5.239316239316239,1.1637790403330146,134.99836867862967,0.21934372623839413,12.611510575591868,0.04963717348818058,8,0,1,12.482092580425368,0.08577855097140645,0.031259621074979926,1,0.0
ksloks,Anubis,70,5.0285714285714285,1.1872529644268774,81.92045454545456,0.27403887397172527,1.3525743361540934,0.9294299826631238,7,0,0,1.3078101044604131,0.9341259765878698,0.03723780542579952,1,0.0
ksloks,Dust2,76,5.197368421052632,2.2422616033755274,168.16962025316457,8.379876446215628e-09,21.174238227120906,0.0017069320990590023,8,1,1,12.188918810467694,0.14297174535657944,0.23901742242162047,1,0.0
ksloks,Inferno,65,4.1692307692307695,1.65325184501845,105.8081180811808,0.0015782198601672034,14.835625792350806,0.01108826503151386,7,1,1,6.136345176757529,0.2931771544454621,0.1566840218678939,1,0.0
ksloks,Nuke,94,4.148936170212766,1.4770333609043282,137.36410256410252,0.003832392347216199,5.1288737768402495,0.5273936779807955,8,1,0,2.8100180148412175,0.8322859411520794,0.11497727160258168,1,0.0
tex1y,Ancient,149,6.429530201342282,1.4213451447271905,210.3590814196242,0.0011528392096428544,12.16687877766218,0.1439120343424623,10,1,0,10.840049928119017,0.2868322956373392,0.06553280434692213,1,0.0
tex1y,Anubis,44,5.7727272727272725,0.84490020142831,36.33070866141733,0.4919658039355775,5.749230207512557,0.3313896204636755,7,0,0,,,,0,
tex1y,Dust2,56,5.214285714285714,0.8697384806973848,47.83561643835616,0.5151093656605986,6.359950870752135,0.2727523983081582,7,0,0,,,,0,
tex1y,Inferno,80,6.375,1.963266319185902,155.09803921568627,1.399584065288222e-06,4.287901238350586,0.637778084628497,8,1,0,9.705741744463415,0.28628935562172847,0.15110059908798465,1,0.0
tex1y,Mirage,96,5.34375,1.279716835949523,121.57309941520468,0.06875353317399982,5.932400027435124,0.43080518587441785,8,0,0,4.027690282939106,0.6729290035535047,0.0523446710548815,1,0.0
tex1y,Nuke,136,4.830882352941177,1.311178758667343,177.0091324200913,0.0177530056845698,9.682417237976047,0.20729618144300083,9,1,0,4.259015387052583,0.7495072720281959,0.06441447667999793,1,0.0
gla1ve,Ancient,73,6.287671232876712,1.7604091019123698,126.74945533769062,0.00014564082015816032,14.964714163269962,0.020532942006194998,8,1,1,8.527702562044754,0.3836888525725791,0.12093652383355774,1,0.0
gla1ve,Anubis,57,5.105263157894737,1.0541237113402064,59.03092783505155,0.7307297089747689,4.402987690790183,0.4929673119273912,7,0,0,4.239809940368792,0.3745228635198387,0.01060155170581361,1,0.0
gla1ve,Mirage,45,4.8,1.3598484848484846,59.83333333333332,0.11212010018552765,10.598420020244756,0.05994983020587805,7,0,0,6.497270998860764,0.16496241366477252,0.07496843434343428,1,0.0
gla1ve,Nuke,51,3.9215686274509802,1.2937999999999998,64.69,0.15827351098384235,4.521874016975226,0.33996166134106814,6,0,0,4.296504437219194,0.3673630176165312,0.07491899999999999,1,0.0
mason,Ancient,46,5.521739130434782,1.253543307086614,56.40944881889764,0.23688842080085187,3.564592406306302,0.4681251313979533,6,0,0,6.523162194280308,0.25858545773029173,0.04591729183458366,1,0.0
mason,Inferno,47,6.553191489361702,2.0886504799548273,96.07792207792207,4.324299398871398e-05,13.627430092196692,0.03408646305473514,8,1,1,10.314841063064433,0.17142264176687652,0.16612523557752237,1,0.0
Girafffe,Ancient,70,5.3,1.330872299699207,91.83018867924528,0.06903228808511559,3.3921328746332664,0.7582612178296961,8,0,0,5.402858292885757,0.3687154248449786,0.062428735792303194,1,0.0
Girafffe,Anubis,57,4.578947368421052,1.8637110016420362,104.36781609195403,0.0001883274844900732,16.72421888602115,0.005053638975547194,7,1,1,6.1357484947610335,0.40815666776826737,0.18862654058849068,1,0.0
Girafffe,Nuke,80,4.2375,1.064896755162242,84.12684365781712,0.6511573638056553,5.566627664351234,0.47344070533736937,8,0,0,5.519745604309036,0.35578556157430435,0.015314868474865365,1,0.0
stormzyn,Ancient,85,5.6117647058823525,1.5278027353499055,128.33542976939208,0.0026576931204036524,7.0302135574961255,0.42574083232952203,9,1,0,3.705359122184326,0.8130196691534451,0.09405289833279239,1,0.0
stormzyn,Anubis,43,4.651162790697675,1.514047619047619,63.589999999999996,0.0346926887276287,6.68456088585133,0.1535267000888817,6,1,0,4.063699214315366,0.39745373465421463,0.11052023809523809,1,0.0
stormzyn,Dust2,46,5.239130434782608,1.3588750576302444,61.149377593361,0.1092966461798231,5.017632266059209,0.2854930948103597,6,0,0,6.791833289986157,0.23658795615433947,0.06849897365556532,1,0.0
stormzyn,Mirage,71,4.690140845070423,2.0321750321750316,142.25225225225222,1.523516768328787e-06,12.221322421510292,0.031877829535374304,7,1,1,6.558137374241953,0.4762869818079237,0.22007335520849025,1,0.0
stormzyn,Nuke,70,4.0285714285714285,1.1078219755370542,76.43971631205673,0.5040193957343281,6.001347908767947,0.30608778312895213,7,0,0,5.43534641722376,0.2454713062056173,0.02676432016877231,1,0.0
bodyy,Ancient,111,5.801801801801802,1.6572275550536413,182.29503105590055,3.580505867709296e-05,18.605217537227695,0.009518246487417255,9,1,1,9.131682207874555,0.4252087102865392,0.11327990467539467,1,0.0
bodyy,Anubis,61,6.049180327868853,2.6418247515808493,158.50948509485096,1.583049411343759e-10,4.616406144625028,0.5938646696891723,8,1,0,13.16867389067602,0.1551213056237234,0.2714127638114683,1,0.0
bodyy,Dust2,62,6.951612903225806,1.4358145372941313,87.58468677494201,0.028942771115288486,3.327643861232075,0.8531298678831578,9,1,0,5.127665593083546,0.6443869045811912,0.06269257845066392,1,0.0
bodyy,Inferno,91,6.384615384615385,1.464524765729585,131.80722891566265,0.00541819964416363,15.98191403183982,0.02528211136374251,9,1,1,12.76399634989393,0.12023185973327045,0.07275689101788681,1,0.0
bodyy,Nuke,53,4.9245283018867925,1.3343648688476275,69.38697318007664,0.10764535414897357,8.154908726982706,0.14790241528446635,7,0,0,6.043619834532542,0.19591431420125152,0.06789784693074427,1,0.0
bobeksde,Ancient,143,5.503496503496503,1.586377221396997,225.26556543837359,2.140365931546771e-05,21.991403797564494,0.002549096858393186,9,1,1,13.351290897644708,0.14734424792112982,0.10654630579386352,1,0.0
bobeksde,Anubis,95,5.189473684210526,1.4033921712485438,131.9188640973631,0.01209012613153661,8.256619213582733,0.21989915509813338,8,1,0,5.911114856022783,0.5501656151064106,0.07773277133592628,1,0.0
bobeksde,Dust2,90,4.411111111111111,1.2526816290719722,111.48866498740553,0.10729284469439501,1.6664005578343142,0.9476856143227322,8,0,0,1.3271702242872045,0.9321112065922138,0.05728298895838163,1,0.0
bobeksde,Inferno,123,5.739837398373984,1.5161148005387075,184.96600566572235,0.000410374866685544,7.307083725313497,0.3976218130296791,9,1,0,9.57834141261452,0.2958759554294376,0.08991801765759352,1,0.0
bobeksde,Mirage,135,5.340740740740741,1.4340985778458608,192.16920943134534,0.0014774816250564132,8.294928923210616,0.30730719110877297,9,1,0,3.7411000008514548,0.8796943432320039,0.08128059363272014,1,0.0
bobeksde,Nuke,112,4.883928571428571,1.1869986988816974,131.7568555758684,0.17421951632515667,8.042875261996912,0.2349789587654922,8,0,0,9.88696447105567,0.12949361198325016,0.038288581855119026,1,0.0
AW,Ancient,115,5.130434782608695,1.4550996134403806,165.88135593220338,0.0021905278864523415,9.014554404343166,0.17276119456652753,8,1,0,4.028588187907136,0.7764787797048999,0.08870585685702333,1,0.0
AW,Anubis,54,4.555555555555555,1.703635526921307,90.29268292682929,0.0021333821649396566,12.887587029350144,0.011838327537641498,6,1,1,12.422369635691982,0.029436968298642948,0.15445657908028693,1,1.0
AW,Dust2,96,4.885416666666667,1.3525530243519244,128.49253731343282,0.025175017564259914,9.36487766267117,0.15407348364957185,8,1,0,8.44108909095352,0.20753533499128177,0.07216437172235551,1,0.0
AW,Inferno,93,6.161290322580645,1.317095379012065,121.17277486910997,0.04486948791468756,10.132145797857811,0.18120775782610718,9,1,0,7.619708837493966,0.3673180351982197,0.05146574214331945,1,0.0
AW,Mirage,106,4.971698113207547,1.4959248215415197,157.07210626185957,0.0015123985976426492,4.938395340744519,0.5517383782744893,8,1,0,3.402806729198576,0.8454103249476808,0.09974958459848406,1,0.0
Mokuj1n,Ancient,77,5.571428571428571,1.4946018893387316,113.5897435897436,0.006788475217030308,8.482495435948115,0.20484120790371238,8,1,0,6.652724517503933,0.35415967170542223,0.08877469808643904,1,0.0
Mokuj1n,Anubis,42,5.071428571428571,1.4465819306080385,59.309859154929576,0.06396110734361356,4.149256410787059,0.38618288736570544,6,0,0,0.9635399018066818,0.9152732129499318,0.08805840885228931,1,0.0
Mokuj1n,Dust2,82,4.7317073170731705,1.7431589665266642,141.1958762886598,7.932264485354611e-05,10.04696589010345,0.07391537361837114,7,1,0,7.138150059669464,0.41463899350059114,0.1570593692143981,1,0.0
Mokuj1n,Mirage,72,4.833333333333333,1.2064108790675085,85.65517241379311,0.22657810617565086,2.600860306590794,0.761234550380601,7,0,0,2.716043603231227,0.7436635671384382,0.042705699117415584,1,0.0
Mokuj1n,Nuke,71,4.633802816901408,1.690924880590534,118.36474164133737,0.0005424063959980379,10.143994238917443,0.07125654218692058,7,1,0,3.139301750865832,0.7911709167564047,0.14910536936756205,1,0.0
Qlocuu,Ancient,88,5.056818181818182,1.2154203796977914,105.74157303370785,0.16769183827754455,5.5080172081014585,0.4804882461474346,8,0,0,4.8731272076064,0.4315594817343412,0.04259998519866436,1,0.0
Qlocuu,Anubis,44,4.431818181818182,0.7912939773404891,34.02564102564103,0.3313657387463231,1.3719910705272353,0.8490481981299776,6,0,0,,,,0,
Qlocuu,Dust2,57,4.456140350877193,1.330989876265467,74.53543307086615,0.09892198122103835,5.377332058082524,0.25072435110290775,6,0,0,4.35124049085815,0.5000301072918808,0.07427725569736858,1,0.0
Qlocuu,Mirage,60,5.416666666666667,0.8717079530638852,51.43076923076922,0.5048035887338785,3.3480597050446312,0.7640625258833865,8,0,0,,,,0,
Qlocuu,Nuke,77,4.675324675324675,1.3083333333333331,99.43333333333332,0.07390443692271288,0.26581694779797155,0.9982370051437833,7,0,0,6.781877004624565,0.34149108931522604,0.06594907407407406,1,0.0
HexT,Ancient,89,5.550561797752809,1.1588148693411853,101.97570850202429,0.29280244923561594,5.522009950741605,0.596530397762717,9,0,0,3.7079441339857766,0.7161290819558377,0.02861239548859409,1,0.0
HexT,Anubis,65,5.0,1.38125,88.4,0.046780801761678606,8.336710863926493,0.13862920232100576,7,1,0,5.415047585943123,0.367351162406075,0.07625,1,0.0
HexT,Dust2,94,5.074468085106383,1.424967877189423,132.52201257861634,0.008956293140287197,7.538535332766138,0.2738966673267725,8,1,0,3.2142075020043017,0.8645044945012786,0.08374629026374375,1,0.0
HexT,Inferno,84,5.071428571428571,1.0490412353639913,87.07042253521128,0.7170010197632533,3.718861703701448,0.7146594972211207,8,0,0,3.8419241284099206,0.5723922133295847,0.009670102747829283,1,0.0
HexT,Mirage,120,5.066666666666666,1.2330827067669174,146.73684210526318,0.08597048952439576,6.92483180533522,0.3278547305043523,8,0,0,7.046294935771976,0.4240756307149035,0.046003165809260005,1,0.0
HexT,Nuke,47,3.9148936170212765,1.297495274102079,59.684782608695635,0.16954793843694652,2.996114439008181,0.3922246413883643,5,0,0,4.055595877798705,0.3985340510172012,0.07599064066737889,1,0.0
easy,Ancient,68,4.147058823529412,1.2975547792950144,86.93617021276597,0.10260243065319136,1.8883694235879622,0.8643656109436002,7,0,0,0.21122272539667558,0.9989883061421201,0.07175079784418789,1,0.0
easy,Anubis,47,3.4468085106382977,0.8679549114331722,39.925925925925924,0.5530906120970204,2.9264292496596704,0.5702118218588699,6,0,0,,,,0,
easy,Dust2,57,3.6491228070175437,1.5022321428571428,84.125,0.017756080433351227,15.157809818122832,0.004384855369624323,6,1,1,6.988973098802087,0.1364720953325495,0.13763092376373628,1,0.0
easy,Mirage,49,3.7142857142857144,1.2227564102564104,58.69230769230769,0.27734099454638295,5.176729165725578,0.2696398681168764,6,0,0,4.217292646311631,0.3773964858415549,0.059972879684418154,1,0.0
easy,Nuke,47,3.25531914893617,1.0747371412333047,49.437908496732014,0.6751996778279455,1.278976239848013,0.8649322932565392,6,0,0,1.60934635668533,0.6572724577369571,0.022958468221995564,1,0.0
pancc,Ancient,47,5.553191489361702,1.3686490088289187,62.95785440613026,0.09777800514314733,10.806109531024571,0.055362706163466446,7,0,0,6.938567332462133,0.22524937584373364,0.06638507055539915,1,0.0
pancc,Dust2,52,4.788461538461538,1.1820615796519416,60.28514056224902,0.3503224749805343,12.427513996517877,0.02937691733112993,7,0,1,10.799920461211553,0.02890708800555229,0.03802089213614844,1,1.0
pancc,Nuke,57,4.649122807017544,1.1483827493261454,64.30943396226415,0.4169712031684797,10.530411714596033,0.061527786042046353,7,0,0,10.01443087302719,0.04018529617550229,0.031916289477699214,1,1.0
Djoko,Ancient,133,5.639097744360902,1.3685252525252525,180.64533333333333,0.006348065310413304,12.15479370943694,0.09558193494845235,9,1,0,16.101499024482415,0.040950175602450574,0.06535181144781144,1,1.0
Djoko,Anubis,98,4.612244897959184,1.6255816075175624,157.68141592920355,0.00019366283896276625,8.747418588801555,0.1882892685631879,8,1,0,4.76947429728868,0.6880714491831469,0.13563495030248032,1,0.0
Djoko,Dust2,95,4.768421052631579,1.3272274670048376,124.75938189845475,0.03713457986619955,6.16178900296799,0.40531274794066197,8,1,0,1.655399117438227,0.9485123299244325,0.06862386173390636,1,0.0
Djoko,Inferno,85,6.658823529411765,1.8720343260979306,157.25088339222617,4.53838364099805e-06,25.67869109236195,0.0005747571041106695,9,1,1,4.718585991187381,0.8581176005449506,0.13095921858361148,1,0.0
Djoko,Nuke,123,4.365853658536586,1.3903287846872425,169.6201117318436,0.005697107571605179,7.811302111276953,0.2522563776043046,8,1,0,2.875380651183656,0.8243175400675492,0.08940491716299967,1,0.0
m1QUSE,Ancient,148,5.587837837837838,1.2221125451389745,179.65054413542924,0.06917042166618512,4.594839455793716,0.7092689595339989,9,0,0,6.975435410507291,0.5392853187867006,0.03974928256416956,1,0.0
m1QUSE,Anubis,58,5.0,1.831578947368421,104.4,0.00026088732316795096,7.131998849851972,0.21100703863802617,7,1,0,13.647612917473326,0.03383002436595876,0.1663157894736842,1,1.0
m1QUSE,Dust2,94,4.085106382978723,1.11951164874552,104.11458333333334,0.4048307814813249,2.135797693383926,0.9067950522570944,8,0,0,1.4507149220762967,0.9186862631306081,0.02925545568249705,1,0.0
m1QUSE,Inferno,80,6.0875,1.7932316169781406,141.6652977412731,3.860896887935149e-05,7.1417570634315215,0.3079364238382975,8,1,0,4.450351395932509,0.814379500600741,0.1303049884153003,1,0.0
m1QUSE,Mirage,96,4.572916666666667,1.172785037765256,111.41457858769932,0.2395310496269354,3.5849826962480575,0.732630934062896,8,0,0,8.372732984051863,0.21204761581237697,0.03778442739285781,1,0.0
m1QUSE,Nuke,49,4.73469387755102,1.1244612068965518,53.974137931034484,0.5133955661690293,8.082901692181968,0.1517255470662295,7,0,0,7.4222121810037605,0.11518872931704596,0.026287065249702743,1,0.0
sl3nd,Ancient,67,5.0,1.4909090909090907,98.4,0.011945679792074072,12.436786264812516,0.029268976122033816,7,1,1,4.507828450461336,0.47883670205120843,0.09818181818181816,1,0.0
sl3nd,Anubis,50,5.12,1.3045280612244896,63.92187499999999,0.14911226268469538,7.019195479276318,0.21921662608990503,7,0,0,8.990557670716797,0.10944137391583651,0.05947813695790813,1,0.0
sl3nd,Inferno,52,5.461538461538462,1.5040044186688761,76.70422535211269,0.022912352293818737,4.09579688986758,0.535707694505471,7,1,0,8.38518939420669,0.13624596159521213,0.09228249919289282,1,0.0
sl3nd,Mirage,80,4.6875,1.0887763713080167,86.01333333333334,0.5518878212270667,4.6035298716172,0.4661521076094286,7,0,0,3.7238976619955713,0.444659690966109,0.018938959212376923,1,0.0
sl3nd,Nuke,43,4.558139534883721,1.3717201166180757,57.61224489795918,0.1096680240835611,6.61407957269379,0.15774287535754833,6,0,0,6.495702081601169,0.16506138842732918,0.08155084191110842,1,0.0
Graviti,Ancient,115,5.052173913043478,1.2356795603466502,140.8674698795181,0.08923224036087615,6.491449927425924,0.37044281404176665,8,0,0,3.764323338741004,0.8064873444954387,0.04664913845071388,1,0.0
Graviti,Anubis,92,5.141304347826087,1.5200381014334505,138.323467230444,0.0020437987894741,15.015427938016614,0.02013705923035104,8,1,1,15.873427287798823,0.02629824159864623,0.10114905989826099,1,1.0
Graviti,Dust2,100,5.66,1.2179034157832744,120.57243816254417,0.13870273467401284,5.169987434319633,0.6392275249340322,9,0,0,3.693019518136954,0.7181370173225918,0.03849883671082587,1,0.0
Graviti,Inferno,111,6.009009009009009,1.3086275044296034,143.94902548725636,0.03298269347622063,9.317496936603622,0.230657633737723,9,1,0,6.958275234937443,0.43323713937508646,0.05136079908798496,1,0.0
Graviti,Nuke,112,4.607142857142857,1.479712270409945,164.2480620155039,0.0015445922654209,11.785160557194324,0.10784903465996439,9,1,0,6.379127284553072,0.49624211566445076,0.10412359357735242,1,0.0
Infinite,Ancient,50,6.3,1.77680596047943,87.06349206349206,0.0013279469195643016,9.772657202533704,0.1345581959937435,8,1,0,3.968220084209707,0.7834304850624816,0.12330253340943334,1,0.0
Infinite,Anubis,42,5.738095238095238,1.7602469385689707,72.17012448132779,0.003780382748955884,12.55397828519741,0.02793696798513445,7,1,1,6.374789852710807,0.3825406649456606,0.13249116771741395,1,0.0
Infinite,Mirage,76,4.934210526315789,1.00704,75.52799999999999,0.9223721338881834,10.767453573027511,0.05619069865548376,7,0,0,10.767764715438526,0.029301811896002044,0.0014267733333333068,1,1.0
Infinite,Nuke,43,4.441860465116279,1.2789827973074046,53.71727748691099,0.21236662012539792,2.796243820641342,0.5924812709547902,6,0,0,1.9601350063914122,0.5807219228847063,0.06280764546711202,1,0.0
shane,Ancient,117,4.871794871794871,1.2830308529945553,148.83157894736843,0.043062278938562404,10.488108726309656,0.16255830733831916,9,1,0,10.28561848968809,0.17295721892232024,0.05809580666730346,1,0.0
shane,Dust2,57,4.87719298245614,1.0915981500513874,61.1294964028777,0.5938827042401228,1.8072006089058592,0.8751271149193505,7,0,0,1.1925714686796736,0.8793201562507973,0.018780915658018277,1,0.0
shane,Mirage,116,4.474137931034483,1.2106726983329141,139.22736030828514,0.1234097997310873,3.293816684135028,0.7711681757989529,8,0,0,7.286397724824106,0.2951714701176718,0.0470867687988787,1,0.0
shane,Nuke,58,4.293103448275862,1.0380469245402664,59.16867469879517,0.7926347967800166,3.3981580008801653,0.4935315966280047,6,0,0,3.3589750019571283,0.3395184081306116,0.008862335836688528,1,0.0
adamb,Ancient,131,4.916030534351145,1.5398232202580031,200.1770186335404,0.00015097976521230257,7.970007625016086,0.33524603906658873,9,1,0,9.695599337812466,0.2064897630868582,0.10980876064254409,1,0.0
adamb,Anubis,43,4.930232558139535,1.4043126684636118,58.9811320754717,0.08544710810067352,11.998322400684986,0.03481077472407026,7,0,1,8.062870975789357,0.0893021103508691,0.08200681482988353,1,0.0
adamb,Inferno,95,4.7894736842105265,1.314472761281272,123.56043956043958,0.044269174192975866,1.8414109750697338,0.9336907850379549,8,1,0,1.163218215934288,0.9786624883421038,0.06565914795982604,1,0.0
adamb,Mirage,124,4.758064516129032,1.14951081714207,141.3898305084746,0.24576572234620947,3.5594996389107365,0.8288837571314895,9,0,0,3.8646014723423416,0.6949934972530929,0.03142261241629946,1,0.0
adamb,Nuke,73,4.0,1.1597222222222223,83.5,0.33380265606593607,8.622392190636948,0.1251071656606764,7,0,0,8.423424864941337,0.07724261636150652,0.03993055555555558,1,0.0
susp,Ancient,92,5.619565217391305,1.7632367632367631,160.45454545454544,1.9454904409218412e-05,11.462351520514014,0.11968441754840213,9,1,0,6.325421396401362,0.6108300319422085,0.13581776057598105,1,0.0
susp,Dust2,50,4.26,1.4066302577368976,68.92488262910798,0.06345719067208988,4.894891521017147,0.298253297191259,6,0,0,4.0746055278752,0.5387254017165186,0.09545311214481167,1,0.0
susp,Inferno,85,5.047058823529412,1.6978576978576982,142.62004662004665,0.00013837795517328272,14.26019808975939,0.026860878542177162,8,1,1,5.311630700800301,0.6219909686872602,0.1382701732352083,1,0.0
susp,Mirage,58,4.517241379310345,1.3844917637605465,78.91603053435115,0.05782618456875087,2.694128551235556,0.7470163020468764,7,0,0,4.314341224992216,0.5051012187966448,0.085116497321037,1,0.0
susp,Nuke,75,4.44,1.1275870465059652,83.44144144144141,0.4239372767858596,2.500515670063668,0.7764174081819654,7,0,0,2.750611031636403,0.7383674867276171,0.028735821285127278,1,0.0
Twistzz,Ancient,76,5.802631578947368,1.847528344671202,138.56462585034015,2.2574423417240944e-05,10.451851629876515,0.16438031521161706,9,1,0,4.040907655803367,0.7750537726589656,0.1460593065646516,1,0.0
Twistzz,Anubis,58,5.482758620689655,1.4158667108021625,80.70440251572326,0.04224154687187705,9.88377568847137,0.1296325784341485,8,1,0,3.4676613545767374,0.6282864279526742,0.07584990322806741,1,0.0
Twistzz,Dust2,67,5.044776119402985,1.2580240272547965,83.02958579881657,0.1533004645824425,5.146156113033856,0.3983049247642984,7,0,0,2.2091186808521996,0.8195177454907219,0.05114677463334723,1,0.0
Twistzz,Inferno,73,5.63013698630137,1.2310083806434173,88.63260340632604,0.17819592744827759,7.191197894536038,0.30352684729908885,8,0,0,6.450880198435358,0.37461968543573476,0.04103068561306438,1,0.0
Twistzz,Mirage,71,5.380281690140845,1.287060583395662,90.09424083769635,0.10660122719424459,2.1890956805015875,0.9015118211853712,8,0,0,2.9977634472887846,0.8091274895038466,0.05335419220181153,1,0.0
Twistzz,Nuke,84,4.761904761904762,1.192289156626506,98.96000000000001,0.22314971223224345,14.942676913089274,0.010610099284194933,7,0,1,15.488528419957957,0.016779088908206195,0.04038072289156626,1,1.0
DEPRESHN,Dust2,42,5.309523809523809,1.4928360494367277,61.206278026905835,0.0439141294865823,5.442676001678706,0.2448144457721647,6,1,0,7.059830181186168,0.21622855749510725,0.09282113935579622,1,0.0
kisserek,Ancient,109,5.981651376146789,1.6841058850261301,181.88343558282207,2.2624811331545227e-05,21.187370360574764,0.0035025080986526144,9,1,1,6.242246976358937,0.7154496804253927,0.11436739488933773,1,0.0
kisserek,Dust2,78,5.615384615384615,1.5552392812666782,119.75342465753424,0.0026183771325205157,3.5755738583105816,0.7338892850040466,8,1,0,5.200816027368929,0.5183271510882625,0.09887822817077833,1,0.0
kisserek,Mirage,98,5.112244897959184,1.439368685309793,139.6187624750499,0.0060233361075522525,11.873657637413658,0.06484743124559947,8,1,0,4.933342680517677,0.668097583945028,0.08594437357357224,1,0.0
kisserek,Nuke,129,4.4728682170542635,1.1810008665511265,151.1681109185442,0.15855924327354384,4.322489509124339,0.7419734614070734,9,0,0,4.417834473300593,0.6203236316537244,0.040466398241066404,1,0.0
h1kaN,Mirage,42,4.976190476190476,1.6320457462947835,66.91387559808612,0.012950842420879457,1.6580425372446466,0.8941427065065273,7,1,0,3.120383760026832,0.537885443817393,0.12701397772431056,1,0.0
cobrazera,Ancient,62,5.532258064516129,1.148066720833533,70.0320699708455,0.40078336180739565,4.511676986780565,0.6077821135373913,8,0,0,3.278269457120791,0.6571702254762513,0.026764246914516128,1,0.0
cobrazera,Dust2,59,4.169491525423729,1.3410428931875524,77.78048780487804,0.0850983422486596,8.787961265201965,0.06662356078638375,6,0,0,5.295678964411671,0.3808706121695824,0.081794840236039,1,0.0
cobrazera,Inferno,68,5.955882352941177,1.8064860880781275,121.03456790123452,0.00011773880776994482,10.200784510631795,0.11644724562801313,8,1,0,4.897598094957922,0.672458307541518,0.13541000985015472,1,0.0
cobrazera,Mirage,50,4.72,0.8823936354202697,43.23728813559321,0.5901919779918129,6.049820714211051,0.30140129378954267,7,0,0,,,,0,
cobrazera,Nuke,57,4.017543859649122,1.2044603867747972,67.44978165938865,0.281070044596005,7.3176898800201,0.1980649948478006,7,0,0,7.820405189289201,0.09838298642570804,0.050891886664469185,1,0.0
Bhavi,Ancient,52,6.25,1.1349019607843136,57.88,0.47266144916395814,17.115850373409295,0.008866775619051637,8,0,1,17.238671170364153,0.004068702316770046,0.02158431372549019,1,1.0
Bhavi,Inferno,42,6.976190476190476,1.2480645966869224,51.17064846416381,0.2652489771542285,1.0545198923470407,0.958049597783428,7,0,0,3.097627776994567,0.684937473671257,0.03555874764795473,1,0.0
innocent,Ancient,98,6.73469387755102,1.3518275538894096,131.12727272727273,0.02400636176015969,8.683332125857635,0.2761979880162455,9,1,0,5.957853190384665,0.6519530955980528,0.052241061032063836,1,0.0
innocent,Anubis,56,5.571428571428571,1.3305361305361307,73.17948717948718,0.1021659570190895,3.3438039399339687,0.6471422853337178,7,0,0,7.832861053238557,0.16569072856920036,0.059326997788536284,1,0.0
innocent,Dust2,59,6.610169491525424,1.3511936339522548,78.36923076923077,0.07727098492083477,2.0953296288014376,0.9107255583377989,8,0,0,4.389315163807432,0.6241466305572225,0.05312929334149495,1,0.0
innocent,Mirage,73,5.493150684931507,1.3963009143807148,100.53366583541145,0.029642115939261932,8.408346956771558,0.2096866017451387,8,1,0,5.9624494672734425,0.4274096607474117,0.07214455548576601,1,0.0
innocent,Nuke,98,4.6020408163265305,1.2219580771252887,118.529933481153,0.13588174734460337,3.471283903291985,0.7477862463483673,8,0,0,0.7769669183132075,0.9926770734934566,0.048230358222346545,1,0.0
ponter,Ancient,89,5.46067415730337,1.2904508043396934,113.55967078189302,0.06942708384639601,4.74599537145874,0.5767791775606625,8,0,0,1.3865304564673353,0.9666726630914955,0.053189550588956205,1,0.0
ponter,Anubis,53,5.018867924528302,0.938692886061307,48.81203007518796,0.7999106879163521,2.500141115168022,0.7764738187477161,7,0,0,,,,0,
ponter,Dust2,51,4.549019607843137,1.4536206896551724,72.68103448275862,0.03948971861007853,3.013679829976394,0.5555387290554427,6,1,0,4.325830079698716,0.36370180776791045,0.0997183412604043,1,0.0
ponter,Mirage,65,4.4,1.0355113636363635,66.27272727272727,0.7969084756542084,0.8974929473175842,0.970402875757316,7,0,0,0.7622637186711587,0.9434343401203859,0.00807076446280987,1,0.0
ponter,Nuke,116,4.353448275862069,1.2074558760223848,138.85742574257426,0.12873379356612488,5.853164434751905,0.43983827085088933,8,0,0,6.878981590415065,0.33218414980105737,0.04765323092791415,1,0.0
lash,Ancient,43,5.6976744186046515,2.127308066083576,89.34693877551021,5.7524248201624414e-05,12.453132775624953,0.029079603960856928,7,1,1,16.28201591829823,0.012317710960894032,0.1978540687411991,1,1.0
lash,Dust2,70,5.357142857142857,1.6612560386473432,114.62666666666667,0.0009311049324285164,7.624393006220282,0.26693242169656267,8,1,0,2.798214589407746,0.8337134324771245,0.12343446054750405,1,0.0
lash,Mirage,57,4.0,0.8392857142857143,47.0,0.40267077527698625,13.657513850420196,0.01793771531710097,7,0,1,,,,0,
lash,Nuke,42,3.4285714285714284,1.5670731707317074,64.25,0.023268042868699605,8.811155248612977,0.0659969790209261,6,1,0,8.846879033452806,0.03139753250874532,0.16539634146341464,1,1.0
2high,Ancient,66,6.196969696969697,1.6743652435583973,108.83374083129583,0.001075926616148438,6.925196399259537,0.32782047084322063,8,1,0,8.648951984556653,0.27885175252328287,0.10882177524414235,1,0.0
2high,Anubis,51,6.176470588235294,1.4552380952380952,72.76190476190476,0.0388885403074557,12.27695771297001,0.031183703980103634,7,1,1,9.786758835317746,0.08150779510395864,0.07370521541950112,1,0.0
2high,Mirage,51,5.019607843137255,1.3904687500000004,69.52343750000001,0.07048966677922797,6.16674982761415,0.2903299787243497,7,0,0,4.408513450094578,0.49221652962877893,0.07778869628906257,1,0.0
2high,Nuke,53,4.962264150943396,1.1003217315004388,57.21673003802282,0.5752913174712846,4.195703502916835,0.5215973632349392,7,0,0,4.222564464582784,0.37672217568420263,0.02021692688031655,1,0.0
nosraC,Ancient,108,6.75,1.2270681896850122,131.2962962962963,0.11085885788282004,6.1228723229819595,0.5254778024771756,9,0,0,8.75722054696002,0.363188791163626,0.03363973180518699,1,0.0
nosraC,Dust2,70,6.328571428571428,0.9422252756240391,65.0135440180587,0.7725449379689834,6.924932366263852,0.32784528086966896,8,0,0,,,,0,
nosraC,Inferno,47,6.9361702127659575,2.359429181114964,108.53374233128832,1.1473974547451439e-06,4.451155296112463,0.48644517087209604,7,1,0,6.52107903251893,0.5890705071604065,0.1959913236576788,1,0.0
nosraC,Mirage,135,6.318518518518519,1.6101730503403267,215.76318874560377,1.9219931474677498e-05,14.14711665610599,0.0780105515487393,10,1,0,9.047620160444783,0.43289009626272484,0.09656900562244325,1,0.0
nosraC,Nuke,76,5.618421052631579,1.3477907884465263,101.08430913348947,0.04810973234938419,6.316991385326174,0.38863305818872745,8,1,0,3.2337359153833547,0.7789903019444445,0.061901873353480075,1,0.0
Walco,Ancient,50,5.96,1.2118887823585809,59.382550335570464,0.2941742689622796,8.510751151854945,0.1302432843764487,7,0,0,9.578539284817525,0.08809683199717863,0.035551809120567275,1,0.0
viz,Ancient,47,5.829787234042553,0.904792129482704,41.620437956204384,0.6878222840729102,1.3918265862531871,0.9252052642850797,7,0,0,,,,0,
viz,Inferno,52,5.9423076923076925,1.6393806713623957,83.60841423948219,0.00538473012244523,9.692398688534125,0.08443519304501494,7,1,0,4.841097632655179,0.5643493178143233,0.10759804178266852,1,0.0
zmb,Ancient,99,5.858585858585859,1.3899366643209006,136.21379310344827,0.012962401275229803,6.66301502768523,0.4647889569999686,9,1,0,1.649648587628102,0.9766723262689931,0.06655815477201579,1,0.0
zmb,Dust2,86,6.523255813953488,2.2245360176156024,189.0855614973262,1.381844003127038e-09,18.35687846519796,0.01045951176602639,9,1,1,15.396081037366253,0.0806152022475623,0.18771853389472695,1,0.0
zmb,Inferno,89,7.640449438202247,1.4017713903743316,123.35588235294118,0.015409678057376737,7.807254650954944,0.3498965977648059,9,1,0,4.346797814640652,0.8245576256043285,0.052584784916640454,1,0.0
zmb,Mirage,85,5.270588235294118,1.4337797619047619,120.4375,0.011277163538121108,14.11217623898973,0.02840788803248684,8,1,1,6.6826858160375515,0.351191291246476,0.0823019637542517,1,0.0
zmb,Nuke,68,4.720588235294118,1.0550518435858094,70.68847352024922,0.7111274040488988,4.2434605032145845,0.5149222783435775,7,0,0,4.435006499263066,0.3503237405027706,0.011662072784532808,1,0.0
Altekz,Ancient,109,5.587155963302752,1.2171136653895276,131.44827586206895,0.12421324518396186,12.796131404299956,0.07723417637901694,9,0,0,10.17673414220101,0.11740396407039512,0.038859424511426106,1,0.0
Altekz,Dust2,56,4.607142857142857,1.1419309372797746,62.8062015503876,0.4385547917669147,5.209172888393126,0.39088961253712273,7,0,0,4.679922054364661,0.32174309652106103,0.030806715068478187,1,0.0
Altekz,Inferno,80,4.5,1.2714486638537272,100.44444444444444,0.10432523787099657,2.364649849715567,0.7967265555915707,7,0,0,1.9249931794155999,0.8594232979126883,0.060321925300828264,1,0.0
Altekz,Mirage,70,4.271428571428571,1.5534389995637632,107.18729096989966,0.004420907575600002,6.351743003116271,0.27348122574525685,7,1,0,1.9208840770127904,0.8599803848734584,0.12956765876074725,1,0.0
Altekz,Nuke,83,4.409638554216867,1.045581767293083,85.7377049180328,0.7342789725407999,11.902402444955086,0.06418183981685216,8,0,0,11.763870726038244,0.038170532450059115,0.010336848867010615,1,1.0
kinqie,Ancient,90,6.766666666666667,1.32855482371174,118.24137931034487,0.04154725409119918,13.420625646604122,0.062499405402592856,9,1,0,8.925021345761442,0.3486605392146697,0.04855490005592217,1,0.0
kinqie,Anubis,51,6.784313725490196,1.4817341040462428,74.08670520231215,0.030142614050173898,3.1488303633876824,0.6770528927422255,7,1,0,8.224617634163572,0.22210484353746823,0.07100705001837684,1,0.0
kinqie,Inferno,52,6.673076923076923,1.3793863366672314,70.3487031700288,0.07502036399211126,8.139791461932338,0.2280397246527824,8,0,0,10.8458912331987,0.09325773072243718,0.056853283880968386,1,0.0
kinqie,Mirage,54,5.148148148148148,1.2564137369349806,66.58992805755398,0.1987801425990322,4.703590170143365,0.4531140158108262,7,0,0,3.3153492047293165,0.6514925587907849,0.04980698487226243,1,0.0
kinqie,Nuke,95,4.821052631578947,1.6063365232741802,150.99563318777294,0.00035139274014264966,9.687474403492992,0.13844520140701386,8,1,0,7.204611552131425,0.40789141030205794,0.1257684928188802,1,0.0
MoriiSko,Ancient,132,5.068181818181818,1.3139698079622086,172.13004484304935,0.018502323468481588,10.003254645776117,0.18838910465451159,9,1,0,7.026338247454347,0.42614269395458065,0.06194919977729679,1,0.0
MoriiSko,Anubis,59,5.220338983050848,1.4272279444693237,82.77922077922076,0.03605297194231795,5.8780698117202155,0.31826466873382003,7,1,0,2.1886868829613215,0.8224683885309974,0.08183911923276004,1,0.0
MoriiSko,Dust2,52,4.211538461538462,1.3532993105918165,69.01826484018264,0.09429135692204405,5.290557009451808,0.258762213171942,6,0,0,6.607595709502901,0.15813597736674292,0.08388842077979203,1,0.0
MoriiSko,Inferno,118,4.8559322033898304,1.4865082561417642,173.9214659685864,0.001007359237439978,15.146648011821313,0.034164869688409656,9,1,1,8.564249603905004,0.2854723208646009,0.10018843669237028,1,0.0
MoriiSko,Mirage,121,5.024793388429752,1.484183114035088,178.10197368421055,0.0009151112274881136,6.63587925864007,0.35583640723720045,8,1,0,7.173602729009038,0.41103116892476144,0.09635881052343036,1,0.0
MoriiSko,Nuke,90,4.533333333333333,1.5922009253139457,141.7058823529412,0.0006472620072641384,13.282922563778554,0.03875675967785725,8,1,1,11.05489202659562,0.0866946711690528,0.13063255705454688,1,0.0
upE,Ancient,104,6.0673076923076925,1.3289892757681596,136.88589540412045,0.028675377178229454,9.755862006983504,0.20283584062114698,9,1,0,9.284012746194488,0.23290317659223678,0.054223272075893184,1,0.0
upE,Anubis,64,5.34375,0.9755871159379932,61.461988304093566,0.937358177247306,6.560896033162399,0.3633681830793742,8,0,0,,,,0,
upE,Dust2,83,4.9397590361445785,1.4632361689470554,119.98536585365855,0.00798663902424221,9.694304867751951,0.13812991326016577,8,1,0,8.083477359536111,0.2320511326049461,0.0937770781039161,1,0.0
upE,Inferno,132,4.545454545454546,1.5563358778625953,203.88,9.459959322228006e-05,17.897317996875532,0.012441972707115384,9,1,1,2.474837414448552,0.9289798836812782,0.12239389312977098,1,0.0
upE,Nuke,89,4.134831460674158,1.2927371541501975,113.76086956521738,0.06748460359185904,5.494125063481318,0.482167054996822,8,0,0,2.36141490452307,0.7972059955621689,0.07079784434610753,1,0.0
Djon8,Ancient,121,5.12396694214876,1.3744892473118282,164.93870967741938,0.0082043115237116,4.5091392464647555,0.6081204401709606,8,1,0,4.082085478345807,0.7702757258903664,0.07308580471730841,1,0.0
Djon8,Anubis,51,4.627450980392157,1.2357627118644068,61.78813559322034,0.24497056900755748,7.735452895798882,0.10176393931748755,6,0,0,7.307129052194281,0.12052102795725152,0.05094872163171501,1,0.0
Djon8,Dust2,75,4.746666666666667,1.2702702702702704,94.0,0.1165820026143453,7.343262507531209,0.19633728635859388,7,0,0,8.778437225968618,0.18642736826142678,0.05693896143334346,1,0.0
Djon8,Mirage,141,4.914893617021277,1.1553494124922696,161.74891774891773,0.20149143354897148,2.44522453405743,0.9311649248938904,9,0,0,2.6005093649322952,0.9193403942721877,0.03160788912180376,1,0.0
Djon8,Nuke,113,4.274336283185841,1.3128512274475004,147.03933747412006,0.029463405604377494,5.779726918903507,0.4483121999662222,8,1,0,2.8255737001048193,0.8303992069979228,0.07319293727032618,1,0.0
