player,map,N,lambda,VMR,Disp_Stat,P_disp,Chi_stat,P_chi,n_bins,reject_disp,reject_chi
Staehr,Ancient,82,6.097560975609756,1.6019753086419752,129.76,0.0009519053799153037,10.092715870401094,0.12080146309289964,8,1,0
Staehr,Dust2,53,5.283018867924528,1.6699175824175825,86.83571428571429,0.0034895808535508606,12.033309311906462,0.03433420556169282,7,1,1
Staehr,Inferno,72,6.041666666666667,1.5126760563380282,107.39999999999999,0.006884103592917518,11.715075764795033,0.06863544689876558,8,1,0
Staehr,Mirage,85,5.105882352941176,1.4690037305244679,123.3963133640553,0.006675055637736033,3.963951577268406,0.6815549070111145,8,1,0
Staehr,Nuke,85,4.117647058823529,1.3265306122448979,111.42857142857143,0.04862158491308534,7.9877722967799665,0.156910809051512,7,1,0
Vexite,Ancient,60,4.933333333333334,1.1122308749427392,65.62162162162161,0.5163260440690725,7.185540089475359,0.2072031252626547,7,0,0
Vexite,Anubis,57,5.087719298245614,0.9145320197044335,51.21379310344828,0.687452079831512,2.780163134181613,0.733833170086987,7,0,0
Vexite,Inferno,55,6.127272727272727,1.0581382569513131,57.13946587537091,0.7185975204528833,8.229283020771453,0.22178215327871148,8,0,0
Vexite,Mirage,44,4.5,1.2248062015503876,52.666666666666664,0.2965509458965947,7.059441593919059,0.13278015430396675,6,0,0
CacaNito,Ancient,92,4.934782608695652,0.9878491552500365,89.89427312775332,0.9738311501568935,3.68682631847393,0.7189698792409731,8,0,0
CacaNito,Anubis,55,4.509090909090909,1.2146057347670254,65.58870967741937,0.2682117627225415,4.03317173363382,0.401535158076862,6,0,0
CacaNito,Inferno,50,5.18,1.352848475297455,66.2895752895753,0.10083968960256488,3.177880729064881,0.6725835236881339,7,0,0
CacaNito,Mirage,90,5.222222222222222,1.7159933062395407,152.72340425531914,6.193442104489623e-05,10.454954055451063,0.1067545527564609,8,1,0
SaMey,Ancient,120,4.575,1.3286035725765717,158.10382513661202,0.01914440551429141,10.403850262711263,0.16681914928698086,9,1,0
SaMey,Anubis,84,4.107142857142857,1.0796228391828182,89.60869565217392,0.5813878821698788,6.082567206055324,0.29826749436130945,7,0,0
SaMey,Dust2,59,5.711864406779661,1.3707152358538832,79.50148367952522,0.06395549734481307,5.591986791710867,0.34796458932380414,7,0,0
SaMey,Inferno,57,4.614035087719298,1.453286257468767,81.38403041825096,0.029977674188127017,10.11662017359573,0.0719975030258702,7,1,0
SaMey,Mirage,107,4.392523364485982,1.3863910076274588,146.95744680851064,0.010473085637817158,8.257348924007662,0.21984907188856906,8,1,0
SaMey,Nuke,143,3.888111888111888,1.025534501975884,145.6258992805755,0.8003900384825964,3.9739551946849523,0.6802011473131477,8,0,0
ayuki,Ancient,45,6.555555555555555,0.9745762711864407,42.8813559322034,0.9609354568246957,3.9341860463463245,0.5589300085408143,7,0,0
HooXi,Ancient,50,5.82,1.905393085069079,93.36426116838487,0.00027527559510944936,8.30296733040115,0.1403100304795593,7,1,0
HooXi,Inferno,49,7.36734693877551,1.1520083102493077,55.29639889196676,0.43699974533215785,10.824224485724985,0.09396329078371086,8,0,0
HooXi,Mirage,45,4.7555555555555555,1.5212404418011898,66.93457943925235,0.028962501911605258,6.662963502846512,0.15480762497788544,6,1,0
HooXi,Nuke,62,4.532258064516129,1.7413803162009225,106.22419928825627,0.0005989923054525486,11.121504762869069,0.04902341833378288,7,1,1
detr0ittJ,Ancient,53,4.679245283018868,2.2667493796526053,117.87096774193547,1.013082342074116e-06,5.988281647174776,0.3073608358468657,7,1,0
detr0ittJ,Anubis,56,3.9285714285714284,1.248264462809917,68.65454545454544,0.20411878789464785,5.5865804507970145,0.3485453924519012,7,0,0
detr0ittJ,Dust2,84,5.892857142857143,1.2308871851040526,102.16363636363637,0.15069872132203183,6.396237906767518,0.4943173626199122,9,0,0
detr0ittJ,Inferno,83,4.843373493975903,1.3369129959956316,109.6268656716418,0.04501671045097233,2.1884486700886123,0.8225027247589778,7,1,0
detr0ittJ,Mirage,60,4.416666666666667,0.9385992964502716,55.377358490566024,0.7803735434260056,2.1934429421697494,0.7002299131209966,6,0,0
detr0ittJ,Nuke,84,3.0357142857142856,1.305315379163714,108.34117647058825,0.06478323459634218,2.441062640936219,0.6552196083116978,6,0,0
misutaaa,Ancient,106,5.5754716981132075,1.544001289178954,162.12013536379018,0.0005883175095452406,12.7275859835637,0.07903050684223288,9,1,0
misutaaa,Anubis,63,5.190476190476191,1.0183486238532107,63.13761467889907,0.8718050680780766,9.51541660182719,0.1465985157404336,8,0,0
misutaaa,Dust2,89,4.831460674157303,1.5534355179704016,136.70232558139534,0.0013684154446284274,12.136118976449058,0.059000143371875764,8,1,0
misutaaa,Inferno,61,5.409836065573771,1.5365656565656565,92.19393939393939,0.009527583270825346,4.111564337170659,0.661581685553507,8,1,0
misutaaa,Nuke,63,4.507936507936508,1.008064516129032,62.499999999999986,0.9166492439076136,2.299832663175475,0.8062914468305025,7,0,0
flameZ,Anubis,44,5.4772727272727275,0.9891923188265945,42.53526970954356,0.9826577424270375,1.2821545800366239,0.8643959154350425,6,0,0
flameZ,Dust2,79,5.037974683544304,0.8420306661512692,65.678391959799,0.3223191317972057,7.099683229823458,0.31172691492016213,8,0,0
flameZ,Inferno,90,5.933333333333334,1.131675293523545,100.71910112359551,0.37238521291606225,2.3287600913008037,0.9394305701178328,9,0,0
flameZ,Mirage,86,6.058139534883721,1.3257988032065033,112.6928982725528,0.04781094384050212,13.798173321889454,0.05488970338792816,9,1,0
flameZ,Nuke,82,4.475609756097561,1.1156524371783227,90.36784741144415,0.4464603687280725,2.6044789057247977,0.8565964563550524,8,0,0
relaxxie,Ancient,60,5.6,1.2239709443099276,72.21428571428572,0.2315827835286537,2.875524721178658,0.7191690431055799,7,0,0
relaxxie,Dust2,103,5.233009708737864,1.5594965258830804,159.0686456400742,0.0005171248421302339,17.95541228533834,0.006344593398408175,8,1,1
relaxxie,Mirage,64,4.984375,1.4743991640543364,92.8871473354232,0.016984133472122853,4.575131955931288,0.4698944040753349,7,1,0
relaxxie,Nuke,69,4.956521739130435,1.070691434468524,72.80701754385964,0.645699406943353,1.787533885624198,0.8776926635324963,7,0,0
j3kie,Ancient,113,4.734513274336283,1.354105473965287,151.65981308411216,0.014994152769933386,8.61714049015753,0.2813244504828642,9,1,0
j3kie,Anubis,104,4.961538461538462,1.1502972830586287,118.48062015503875,0.2824831198462673,7.71043746691767,0.26009415645405826,8,0,0
j3kie,Dust2,98,4.336734693877551,1.4450697392359007,140.17176470588237,0.005474368878072529,7.981230157611699,0.2394816610553382,8,1,0
j3kie,Inferno,127,4.267716535433071,1.1509400808293795,145.0184501845018,0.23637860074455921,8.310232759548802,0.21624444103698,8,0,0
j3kie,Nuke,112,4.232142857142857,1.3878435397422741,154.05063291139243,0.008635619073184818,13.243246990804911,0.039331740288524514,8,1,1
CSO,Ancient,44,4.568181818181818,1.144394307532107,49.2089552238806,0.47713698042811886,4.887598742305704,0.29902621289600206,6,0,0
xureba,Ancient,79,5.518987341772152,1.2816396142084217,99.9678899082569,0.09517294025962583,5.391954256518013,0.49461046355343596,8,0,0
xureba,Anubis,69,5.304347826086956,1.1771938283510128,80.04918032786887,0.30103680246179276,7.732426979742467,0.2583690978105711,8,0,0
xureba,Dust2,91,5.406593406593407,1.3521680216802168,121.69512195121952,0.029299759623353742,8.566424554368801,0.1994700374758869,8,1,0
xureba,Inferno,60,4.416666666666667,1.2225775503677645,72.1320754716981,0.2341746242872737,2.2317304006840923,0.6932244896795708,6,0,0
xureba,Mirage,83,5.27710843373494,0.8010357500835285,65.68493150684932,0.18787691953372626,7.742392861505536,0.2575902909151481,8,0,0
xureba,Nuke,60,3.9,1.2837896566710125,75.74358974358974,0.13998025745501352,3.6965122845922913,0.5938830715391271,7,0,0
xeedo,Ancient,54,6.814814814814815,1.2241591468416735,64.8804347826087,0.25380283563540507,1.908083382447809,0.861711691658456,7,0,0
xeedo,Dust2,93,5.913978494623656,1.266916996047431,116.55636363636364,0.08568417678043184,12.096663068499787,0.09742452738205067,9,0,0
xeedo,Mirage,57,5.052631578947368,1.1904761904761905,66.66666666666666,0.31139277870583276,7.231008977578353,0.20401896217045792,7,0,0
xeedo,Nuke,62,4.741935483870968,1.4653730344596858,89.38775510204083,0.02077620064873227,3.4089954343145936,0.6372002622346072,7,1,0
majky,Ancient,52,5.365384615384615,2.01019045611076,102.51971326164876,5.11117669791299e-05,13.13862613755667,0.0221137511315118,7,1,1
majky,Dust2,54,4.37037037037037,1.1854812919731375,62.83050847457629,0.33438430571778605,1.7477180773269914,0.7820324233805214,6,0,0
majky,Inferno,69,4.478260869565218,1.4029126213592231,95.39805825242718,0.031750808897607535,5.6651339861606616,0.34017782885965897,7,1,0
majky,Mirage,64,4.515625,1.4411490086230572,90.7923875432526,0.0249965539669078,3.9912849807352098,0.5506713863942436,7,1,0
majky,Nuke,68,4.147058823529412,1.6430612892981897,110.08510638297871,0.0014325717621989761,4.8076538770849275,0.43980265133932706,7,1,0
Moseyuh,Ancient,57,5.0701754385964914,1.471206129510628,82.38754325259517,0.02481894734941576,9.177223400238617,0.1022007045926639,7,1,0
Moseyuh,Inferno,77,5.415584415584416,1.658715133156633,126.06235011990411,0.0005443128882996935,16.15042433530121,0.012968952365854472,8,1,1
Moseyuh,Mirage,65,4.723076923076923,1.458978013029316,93.37459283387622,0.019427484612407345,5.409774817118647,0.3679408521278649,7,1,0
Moseyuh,Nuke,46,4.239130434782608,0.7987464387464387,35.94358974358974,0.3391564784810301,6.371015358313862,0.17310106343690773,6,0,0
junior,Ancient,118,5.110169491525424,1.3741123442615981,160.77114427860698,0.009080382523265675,13.02391491781611,0.042657744188650024,8,1,1
junior,Dust2,95,5.705263157894737,1.4427651723325745,135.619926199262,0.0064600648341987385,9.192831773496225,0.23910648186953495,9,1,0
junior,Inferno,58,5.241379310344827,1.3610341643582642,77.57894736842105,0.07258285949632631,7.138080176988473,0.21057200018762973,7,0,0
junior,Mirage,120,4.691666666666666,1.3927638550979895,165.73889875666077,0.00602055195485736,17.77882505932105,0.01300876496966568,9,1,1
junior,Nuke,79,4.3924050632911396,1.3917830488435674,108.55907780979827,0.025308527774344104,11.880932869703285,0.06467837151041254,8,1,0
bekker,Ancient,48,5.270833333333333,1.5076107980825837,70.85770750988144,0.02763561804273489,3.3752645791401914,0.4970962183658105,6,1,0
Boye,Ancient,45,5.866666666666666,1.4457644628099175,63.613636363636374,0.05600721650898482,5.272809294453097,0.38350126731097506,7,0,0
Boye,Nuke,45,4.2444444444444445,1.4366968110423612,63.21465968586389,0.060440677389396284,4.089857078854076,0.39398158604253253,6,0,0
Burmylov,Ancient,95,4.105263157894737,1.5210038188761592,142.97435897435895,0.0017028135207663,7.30411176287223,0.29363637902950324,8,1,0
Burmylov,Anubis,50,3.44,1.4019933554817279,68.69767441860466,0.06611621094734976,6.609565660860748,0.15801644964200118,6,0,0
Burmylov,Dust2,75,4.84,1.2454768818405182,92.16528925619835,0.14993341716414355,4.062847847401569,0.5404033759327237,7,0,0
Burmylov,Inferno,81,4.098765432098766,1.2601656626506024,100.81325301204818,0.11576603358571298,6.3991502870482595,0.2692933816144363,7,0,0
Burmylov,Nuke,105,3.657142857142857,1.5871394230769231,165.0625,0.00025935602959644116,10.677455475984942,0.05816370796743132,7,1,0
Jeorge,Ancient,82,5.512195121951219,0.8969736698350268,72.65486725663716,0.5308178500195474,5.151327624424301,0.5245560544374412,8,0,0
Jeorge,Dust2,93,5.774193548387097,1.2240709254311393,112.61452513966482,0.1422703915581297,10.936946825799238,0.14139311581167832,9,0,0
Jeorge,Inferno,71,5.450704225352113,1.22547065337763,85.7829457364341,0.19344241623799246,13.865740909215589,0.03117240230165318,8,0,1
Jeorge,Mirage,136,5.977941176470588,1.1708897088970889,158.070110701107,0.17031347892884557,11.067309406126896,0.19791444815314474,10,0,0
Jeorge,Nuke,71,5.126760563380282,1.2256671899529041,85.79670329670328,0.19309476018505795,2.29167113212851,0.8910157063377784,8,0,0
FL4MUS,Ancient,74,5.743243243243243,1.3693795326349718,99.96470588235293,0.03960678755060944,5.529339943591783,0.4779176909949724,8,1,0
FL4MUS,Anubis,60,4.966666666666667,1.3579797520191106,80.12080536912752,0.07013575423680501,4.390459687081889,0.49467193309603497,7,0,0
FL4MUS,Dust2,47,5.1063829787234045,1.3557971014492753,62.36666666666667,0.10838518656755358,7.198515239474684,0.2062901701429298,7,0,0
FL4MUS,Inferno,49,4.408163265306122,1.5399305555555556,73.91666666666667,0.019060334909703474,8.238620211000326,0.08321809885084384,6,1,0
FL4MUS,Mirage,66,4.7272727272727275,1.2988165680473371,84.42307692307692,0.1061858343900475,5.698040775681722,0.33671813224385455,7,0,0
FL4MUS,Nuke,44,4.318181818181818,1.160832313341493,49.91578947368421,0.4352739560365435,1.9155240680750323,0.7512926426084232,6,0,0
Gizmy,Ancient,112,5.785714285714286,1.2034256478700924,133.58024691358025,0.14224747773653235,5.816639893259023,0.5613152866966941,9,0,0
Gizmy,Anubis,56,6.125,1.4786641929499071,81.3265306122449,0.024104565320901345,12.046979834142286,0.06092891103239832,8,1,0
Gizmy,Dust2,93,6.967741935483871,1.4365942028985508,132.16666666666669,0.007757997907351445,16.309488390286674,0.02243444447801545,9,1,1
Gizmy,Mirage,109,5.440366972477064,1.3630316657298107,147.20741989881955,0.014531435919143009,2.3953131844524234,0.9347716746583005,9,1,0
Gizmy,Nuke,140,5.385714285714286,1.3453809896379978,187.00795755968167,0.008269984062753208,21.15917553114479,0.003541569020138178,9,1,1
Magnojez,Ancient,117,6.170940170940171,1.7079233928742001,198.11911357340722,6.278741243145828e-06,12.931805983472955,0.11421759065081084,10,1,0
Magnojez,Anubis,81,5.54320987654321,1.2404788418708244,99.23830734966594,0.1428008382884719,11.740321073859567,0.06801906479922692,8,0,0
Magnojez,Dust2,66,5.818181818181818,1.1418269230769231,74.21875,0.4059468497570521,2.278349243403748,0.8094414778083868,7,0,0
Magnojez,Mirage,138,5.7101449275362315,1.4066471525436293,192.71065989847722,0.002419443483341216,11.242709743706346,0.12837694663044097,9,1,0
Magnojez,Nuke,131,4.916030534351145,1.1517677974199714,149.72981366459626,0.22723463673816263,8.951751703451084,0.25613867353158176,9,0,0
MartinezSa,Ancient,94,4.531914893617022,1.7875713059720328,166.24413145539907,9.386281681340341e-06,17.192859386724685,0.008599988676141363,8,1,1
MartinezSa,Anubis,44,4.136363636363637,1.0748786097623306,46.21978021978022,0.6814958401040823,3.1732096561377863,0.5292688836937933,6,0,0
MartinezSa,Dust2,45,4.155555555555556,0.9620807000486145,42.331550802139034,0.9133711422381583,0.5900156244902032,0.9641666898956773,6,0,0
MartinezSa,Inferno,66,4.424242424242424,1.433087460484721,93.15068493150686,0.025170907573845016,7.944211353741803,0.15933716910270918,7,1,0
MartinezSa,Mirage,69,3.420289855072464,1.3535643070787635,92.04237288135592,0.05552974584847414,9.421720858628152,0.051380799399276755,6,0,0
MartinezSa,Nuke,112,3.75,1.4246246246246246,158.13333333333333,0.004440371777409155,7.718822457526092,0.1724278684345025,7,1,0
JACKZ,Ancient,94,5.553191489361702,1.439129897416883,133.83908045977012,0.007146175549174954,7.275588572260343,0.40076077752431993,9,1,0
JACKZ,Anubis,69,4.7101449275362315,1.4368325791855208,97.70461538461541,0.021194294899751536,6.324909368023541,0.27587498556141277,7,1,0
JACKZ,Dust2,85,4.8352941176470585,1.796547329394045,150.90997566909977,2.085952242981407e-05,7.337694966729536,0.19671232336673095,7,1,0
JACKZ,Inferno,83,4.650602409638554,1.3343864526728166,109.41968911917097,0.04646577245632597,8.388636362245096,0.13607791323035176,7,1,0
JACKZ,Nuke,105,4.066666666666666,1.1267339218158892,117.18032786885249,0.35564975050203823,10.891973360576866,0.09177305765470399,8,0,0
mopoz,Ancient,112,5.3125,1.1939586645468998,132.52941176470588,0.16003723931960825,9.760439847913212,0.13510971506475464,8,0,0
mopoz,Anubis,54,5.666666666666667,1.338512763596004,70.94117647058822,0.10086622077268992,3.8115608680661928,0.5768530157138299,7,0,0
mopoz,Inferno,93,5.989247311827957,1.1415190071032708,105.01974865350091,0.3337567286794795,9.502507246946369,0.2185614168359692,9,0,0
mopoz,Mirage,80,4.0875,1.3823791274726127,109.20795107033639,0.027618364446819504,4.001377289803879,0.5492176718733515,7,1,0
mopoz,Nuke,132,3.8636363636363638,1.4532555006735517,190.37647058823526,0.0010909670345123285,10.085969813727527,0.12107801894962586,8,1,0
Sdaim,Ancient,173,5.728323699421965,1.0050336751695492,172.8657921291625,0.9342161049939107,3.8113279694006046,0.8737321894217388,10,0,0
Sdaim,Anubis,50,6.14,1.4492454962441002,71.0130293159609,0.04310214916180044,10.269156754634174,0.06795828351474564,7,1,0
Sdaim,Dust2,127,5.78740157480315,1.3456430191124067,169.55102040816325,0.011740206514236845,7.677904223756585,0.3618507272586418,9,1,0
Sdaim,Inferno,97,4.412371134020619,1.500292056074766,144.02803738317752,0.0022098754437195004,6.813879275717394,0.3384031620111086,8,1,0
Sdaim,Mirage,142,5.161971830985915,1.3152303271312877,185.44747612551157,0.014304238124529828,14.909821300666808,0.060922829779128454,10,1,0
Sdaim,Nuke,128,4.453125,1.597955518718055,202.94035087719297,4.290015488296672e-05,13.448121956910962,0.03644666841017225,8,1,1
story,Ancient,88,5.340909090909091,1.2520420640743457,108.92765957446808,0.11188787901439598,4.9072244161218865,0.5557662900516958,8,0,0
story,Anubis,64,4.5625,1.2724505327245053,80.16438356164383,0.14236268644534025,8.534409570721154,0.1291392636468467,7,0,0
story,Dust2,53,4.754716981132075,1.4067460317460316,73.15079365079364,0.056323050600742344,6.520036789103541,0.2588509665761673,7,0,0
story,Inferno,65,5.523076923076923,1.6244777158774375,103.966573816156,0.002349188814296279,7.885120921304804,0.24664106803875455,8,1,0
story,Nuke,117,4.555555555555555,1.118166526492851,129.7073170731707,0.36276290522415927,6.964359288312286,0.43260018322969473,9,0,0
kisserek,Ancient,109,5.981651376146789,1.6841058850261301,181.88343558282207,2.2624811331545227e-05,21.187370360574764,0.0035025080986526144,9,1,1
kisserek,Dust2,78,5.615384615384615,1.5552392812666782,119.75342465753424,0.0026183771325205157,3.5755738583105816,0.7338892850040466,8,1,0
kisserek,Mirage,98,5.112244897959184,1.439368685309793,139.6187624750499,0.0060233361075522525,11.873657637413658,0.06484743124559947,8,1,0
kisserek,Nuke,129,4.4728682170542635,1.1810008665511265,151.1681109185442,0.15855924327354384,4.322489509124339,0.7419734614070734,9,0,0
stanislaw,Ancient,94,5.861702127659575,1.0588177897468922,98.47005444646098,0.6583791345160761,9.138420288835658,0.24287027274110637,9,0,0
stanislaw,Anubis,42,4.809523809523809,1.5035015696691623,61.64356435643565,0.04017861418718228,5.7859396649164365,0.21571492966394817,6,1,0
stanislaw,Dust2,50,6.34,1.2335672439322731,60.444794952681384,0.25310133911018706,4.3668228594667315,0.6271651406342276,8,0,0
stanislaw,Inferno,81,7.012345679012346,1.6381602112676057,131.05281690140848,0.000557705606861543,25.596546098461516,0.0005944575151566977,9,1,1
stanislaw,Nuke,73,4.657534246575342,1.265686274509804,91.12941176470589,0.12703288955127393,5.5143249905676965,0.35637765048200215,7,0,0
twist,Ancient,129,6.51937984496124,1.8193370986920332,232.87514863258025,8.489777634842055e-08,21.704219115966822,0.005494298829404072,10,1,1
twist,Anubis,94,5.159574468085107,0.8765547056867308,81.51958762886596,0.40669483315971283,10.925857914951976,0.09069508991485324,8,0,0
twist,Dust2,87,6.655172413793103,1.9842149656585126,170.64248704663208,3.0810018308669206e-07,21.251381451158316,0.003415374222303476,9,1,1
twist,Inferno,158,7.481012658227848,1.9083923394441031,299.6175972927242,1.1144332246679855e-10,36.57037342671735,3.1392916099544226e-05,11,1,1
twist,Mirage,44,4.204545454545454,1.1679446888749216,50.22162162162162,0.4179539505211009,2.243216476635753,0.6911255114854991,6,0,0
twist,Nuke,86,5.116279069767442,1.3586096256684492,115.48181818181818,0.03115034279125143,6.158889755577253,0.40562873832456026,8,1,0
noway,Anubis,78,5.089743589743589,1.1644803559161239,89.66498740554154,0.30654577602195004,8.745200470568598,0.1884230135204003,8,0,0
noway,Dust2,98,4.755102040816326,1.118977036414318,108.54077253218884,0.39796757619096645,2.615212332390791,0.8553572980061839,8,0,0
noway,Inferno,106,5.160377358490566,1.4178984939496826,148.87934186471668,0.006317305230902128,4.1288292154572295,0.659247209314825,8,1,0
noway,Mirage,135,4.940740740740741,1.2076349884759112,161.8230884557721,0.10215797824280955,14.364786729933144,0.04506086000764178,9,0,1
noway,Nuke,134,4.014925373134329,1.0411717024904268,138.47583643122675,0.7098948398930455,4.119530408642854,0.6605044776436366,8,0,0
Keoz,Ancient,110,5.1,1.7375427235114227,189.39215686274505,5.779787757381445e-06,18.63103575480974,0.004834330559548551,8,1,1
Keoz,Anubis,61,5.344262295081967,1.2404907975460124,74.42944785276075,0.19910065165965019,6.7951338692072945,0.3402094555279991,8,0,0
Keoz,Dust2,98,5.224489795918367,1.7227770618556701,167.109375,2.5477501201518016e-05,17.620331423012377,0.007254470250180342,8,1,1
Keoz,Inferno,64,5.03125,1.2996154983732624,81.87577639751552,0.11046959661868822,5.2830600988374,0.38232052859292504,7,0,0
Keoz,Mirage,60,4.966666666666667,1.6173359117279038,95.42281879194633,0.003765134777365813,6.873970942186212,0.23018325700726547,7,1,0
Keoz,Nuke,82,4.182926829268292,1.0927905553755894,88.51603498542276,0.5318423895308048,9.319347999029272,0.15639864372216097,8,0,0
Patsi,Ancient,134,5.776119402985074,1.2851508616502496,170.9250645994832,0.029624776050672957,10.993024561716053,0.13892357568241298,9,1,0
Patsi,Anubis,57,5.7894736842105265,1.3246753246753245,74.18181818181817,0.10471553958840361,8.125856479411155,0.14943447371141966,7,0,0
Patsi,Inferno,63,6.507936507936508,1.6350904799370576,101.37560975609757,0.002374366754620322,11.565181693385881,0.0724024500893112,8,1,0
Patsi,Mirage,161,5.658385093167702,1.3256997804610318,212.1119648737651,0.007309788511213311,4.891918131216993,0.6731511096122998,9,1,0
Patsi,Nuke,126,4.944444444444445,1.5089438202247194,188.6179775280899,0.0004119744686954044,9.29802659823415,0.2319612531994273,9,1,0
abizz,Ancient,44,6.0227272727272725,1.43247038174638,61.59622641509434,0.06543864534693856,5.450673139073854,0.36338507220396016,7,0,0
abizz,Dust2,63,4.650793650793651,1.409115930859848,87.36518771331058,0.037222258544987286,6.018235473419631,0.3044485701313076,7,1,0
abizz,Inferno,47,6.1063829787234045,1.0412058778972886,47.895470383275274,0.7915433110962896,5.218940891929182,0.3897489946390112,7,0,0
abizz,Mirage,71,4.76056338028169,1.2091293322062553,84.63905325443787,0.22412205675939423,12.480848199801938,0.028761197357937335,7,0,1
abizz,Nuke,88,4.1477272727272725,1.1779877184695327,102.48493150684934,0.24581972708262806,3.748713405772702,0.7106382167492243,8,0,0
sasha,Ancient,46,7.021739130434782,1.9146198830409353,86.1578947368421,0.0004315190146995524,9.311625999561777,0.09726161910753771,7,1,0
sasha,Inferno,42,7.0476190476190474,1.141727092946605,46.81081081081081,0.49237205170047516,3.1041794007631522,0.6839281804028833,7,0,0
naz,Ancient,72,5.180555555555555,1.70913416153759,121.34852546916889,0.0003716406198028229,11.370967823699335,0.07756592979070306,8,1,0
naz,Anubis,57,4.982456140350878,1.322434607645875,74.05633802816901,0.1068394839907182,11.657557933960089,0.03979356100695508,7,0,1
naz,Dust2,88,5.238636363636363,1.443713067544319,125.60303687635576,0.008572319537292823,7.074826000584303,0.3139827695268427,8,1,0
naz,Inferno,79,6.949367088607595,1.6931950866377101,132.0692167577414,0.00025674929006163695,4.355850958900597,0.7379984439336722,9,1,0
naz,Mirage,98,4.704081632653061,1.2413399825569695,120.40997830802604,0.10764850458981828,4.223543138306706,0.6464537587490222,8,0,0
naz,Nuke,106,3.5943396226415096,0.9368078990126234,98.36482939632546,0.6733061309099118,3.3009506828737503,0.6536961364516926,7,0,0
blameF,Ancient,127,5.3858267716535435,1.373526408614128,173.06432748538012,0.006921746127420398,5.276304820589154,0.6262842815670538,9,1,0
blameF,Anubis,45,4.6,2.118577075098815,93.21739130434786,4.330271355860245e-05,3.6204279412794937,0.45980474635374025,6,1,0
blameF,Dust2,58,6.586206896551724,1.3693395793147787,78.0523560209424,0.0670206895588794,4.250213541628655,0.6428564830646111,8,0,0
blameF,Inferno,77,6.0,1.3728070175438596,104.33333333333333,0.034457644374812614,2.6455485826183343,0.851836058953854,8,1,0
blameF,Mirage,104,4.923076923076923,1.6237864077669901,167.24999999999997,0.0001288957366648975,12.217053652811188,0.057298120485065496,8,1,0
delle,Ancient,68,5.588235294117647,1.7373134328358208,116.39999999999999,0.00035006997661065975,4.885293598869369,0.5586071760919229,8,1,0
delle,Mirage,46,4.630434782608695,1.2416275430359935,55.873239436619706,0.2567850608263513,2.7745284273109285,0.5962375104472222,6,0,0
Pump,Ancient,51,5.098039215686274,1.124,56.2,0.507875333095676,4.798662004104321,0.4409427350424876,7,0,0
Pump,Dust2,73,4.438356164383562,1.4080932784636488,101.38271604938272,0.02565118099816005,5.795419455970493,0.3266372320532016,7,1,0
Pump,Mirage,62,4.596774193548387,1.2229508196721315,74.60000000000002,0.22648655948996285,1.8916694902196673,0.8639224123675918,7,0,0
H4SAN4TOR,Ancient,110,6.472727272727273,1.4080507164209877,153.47752808988764,0.006473026835956249,15.403672022833064,0.031159343767857683,9,1,1
H4SAN4TOR,Dust2,138,5.557971014492754,1.0743250316428592,147.1825293350717,0.521793919925901,5.653524557620372,0.5807362523963879,9,0,0
H4SAN4TOR,Mirage,121,5.818181818181818,1.7502604166666667,210.03125,1.4212713056737497e-06,23.612908220150814,0.001332225620536686,9,1,1
H4SAN4TOR,Nuke,113,4.477876106194691,1.188770468661773,133.1422924901186,0.16872698909706035,5.085488099007238,0.5328963855263367,8,0,0
kyousuke,Ancient,72,5.986111111111111,1.0516976569393157,74.67053364269141,0.7198814902422465,6.300257811915148,0.39040903614085753,8,0,0
kyousuke,Anubis,42,4.857142857142857,1.2410329985652797,50.88235294117647,0.2772335078904161,3.253948450017358,0.5162616719170208,6,0,0
kyousuke,Dust2,70,5.4,1.2098765432098764,83.48148148148147,0.22566888878200606,3.680376798142717,0.7198369782798246,8,0,0
kyousuke,Mirage,69,5.115942028985507,1.405849025162473,95.59773371104816,0.030678414284313074,9.448875858620607,0.1498626197027013,8,1,0
kyousuke,Nuke,69,4.840579710144928,1.340524832687566,91.15568862275448,0.06398715615675486,8.6506610362374,0.12383598030263047,7,0,0
reck,Ancient,89,6.258426966292135,1.7159702954137426,151.00538599640933,6.799876808262628e-05,14.894246911202076,0.02109537717968707,8,1,1
reck,Anubis,60,5.566666666666666,1.4758956662945297,87.07784431137725,0.020336020018659817,9.760919943348323,0.13508800490468953,8,1,0
reck,Dust2,60,4.883333333333334,1.208480360964887,71.30034129692834,0.2616751469722667,3.3667205674411025,0.6436433006390555,7,0,0
reck,Inferno,52,4.4423076923076925,1.2218826924709278,62.316017316017316,0.2662142533309872,3.099787242985163,0.5412673307838132,6,0,0
reck,Mirage,58,5.172413793103448,1.5747368421052632,89.76,0.007311028248015125,4.556281513295441,0.47238866273162017,7,1,0
dare,Ancient,89,5.955056179775281,1.1827615780445968,104.08301886792451,0.23208737380826908,9.392788820519845,0.22567163464211604,9,0,0
dare,Mirage,87,4.827586206896552,1.190863787375415,102.41428571428571,0.21873971238673964,0.7003347672887287,0.9829502973159813,7,0,0
fame,Ancient,79,5.10126582278481,1.0434561303047658,81.38957816377173,0.7483865951158617,1.750025813404037,0.9411942191368894,8,0,0
fame,Dust2,57,4.192982456140351,1.3069336521219366,73.18828451882844,0.12255401066936718,1.7985706511045503,0.7727438515492867,6,0,0
fame,Inferno,58,5.448275862068965,0.9735731734399289,55.49367088607595,0.9364647857593146,14.832685581487075,0.021598734122248678,8,0,1
fame,Mirage,62,4.080645161290323,1.0710166526274867,65.33201581027669,0.6575195879455447,7.3370273014882885,0.1967573396562446,7,0,0
Maze,Ancient,73,5.178082191780822,1.5843621399176955,114.07407407407408,0.00233896704692014,11.463525741845721,0.07506439405208767,8,1,0
Maze,Anubis,42,5.309523809523809,1.4652739800940613,60.076233183856516,0.05504748902624689,7.0349532393242615,0.1340525955823573,6,0,0
Maze,Inferno,49,6.591836734693878,1.2952786377708978,62.1733746130031,0.1641754706435395,3.3978332207977955,0.7575091705095519,8,0,0
Maze,Mirage,60,5.966666666666667,0.9372218539910995,55.29608938547487,0.7743926261219889,8.53865326911324,0.12894212522824344,7,0,0
JACKZ,Ancient,94,5.553191489361702,1.439129897416883,133.83908045977012,0.007146175549174954,7.275588572260343,0.40076077752431993,9,1,0
JACKZ,Anubis,69,4.7101449275362315,1.4368325791855208,97.70461538461541,0.021194294899751536,6.324909368023541,0.27587498556141277,7,1,0
JACKZ,Dust2,85,4.8352941176470585,1.796547329394045,150.90997566909977,2.085952242981407e-05,7.337694966729536,0.19671232336673095,7,1,0
JACKZ,Inferno,83,4.650602409638554,1.3343864526728166,109.41968911917097,0.04646577245632597,8.388636362245096,0.13607791323035176,7,1,0
JACKZ,Nuke,105,4.066666666666666,1.1267339218158892,117.18032786885249,0.35564975050203823,10.891973360576866,0.09177305765470399,8,0,0
karrigan,Ancient,96,5.333333333333333,1.5381578947368422,146.125,0.001181563481429609,7.589965549964868,0.2697080079501745,8,1,0
karrigan,Anubis,46,5.108695652173913,1.3069503546099293,58.81276595744682,0.16218012891684255,5.775103687108804,0.3287210178969764,7,0,0
karrigan,Dust2,77,5.064935064935065,1.2383265856950065,94.1128205128205,0.15575725610380514,6.110022452328572,0.410978929617542,8,0,0
karrigan,Inferno,73,6.383561643835616,1.686754887935145,121.44635193133045,0.0004854134020824495,9.4306076323763,0.15076977807944544,8,1,0
karrigan,Mirage,87,4.908045977011494,1.3060290833832577,112.31850117096016,0.059842007870442665,13.466302912260257,0.03620051205348673,8,0,1
karrigan,Nuke,104,4.663461538461538,1.2308477629866879,126.77731958762887,0.11191986684237772,7.8373126800258675,0.34715801571177674,9,0,0
Sonic,Ancient,88,5.579545454545454,1.189573237821008,103.49287169042769,0.2191257200159515,5.146074511775646,0.6421423209257903,9,0,0
Sonic,Anubis,45,5.955555555555556,1.7474559023066485,76.88805970149254,0.0031418687554215703,8.922380727257899,0.1122004694934932,7,1,0
Sonic,Dust2,64,5.984375,1.7160678022296822,108.11227154046998,0.0007074556822882138,9.32382450943419,0.1561686888871309,8,1,0
Sonic,Inferno,87,5.816091954022989,1.2296626528173547,105.7509881422925,0.1459450599433758,9.61858459781385,0.21123765764173716,9,0,0
Sonic,Mirage,46,5.565217391304348,1.8739583333333334,84.32812500000001,0.0006918797934758222,3.5055656904381203,0.6225456357141085,7,1,0
Sonic,Nuke,68,4.9411764705882355,1.5458422174840087,103.57142857142857,0.005545293054743194,14.801823025726708,0.01124354495810832,7,1,1
dobu,Ancient,44,5.7727272727272725,1.328328145028383,57.11811023622047,0.1464929136427998,1.5934685074288577,0.9020380656180274,7,0,0
dobu,Inferno,43,6.558139534883721,1.679500168861871,70.53900709219859,0.007589523355058418,11.660631545734816,0.039745731617591804,7,1,1
detr0ittJ,Ancient,53,4.679245283018868,2.2667493796526053,117.87096774193547,1.013082342074116e-06,5.988281647174776,0.3073608358468657,7,1,0
detr0ittJ,Anubis,56,3.9285714285714284,1.248264462809917,68.65454545454544,0.20411878789464785,5.5865804507970145,0.3485453924519012,7,0,0
detr0ittJ,Dust2,84,5.892857142857143,1.2308871851040526,102.16363636363637,0.15069872132203183,6.396237906767518,0.4943173626199122,9,0,0
detr0ittJ,Inferno,83,4.843373493975903,1.3369129959956316,109.6268656716418,0.04501671045097233,2.1884486700886123,0.8225027247589778,7,1,0
detr0ittJ,Mirage,60,4.416666666666667,0.9385992964502716,55.377358490566024,0.7803735434260056,2.1934429421697494,0.7002299131209966,6,0,0
detr0ittJ,Nuke,84,3.0357142857142856,1.305315379163714,108.34117647058825,0.06478323459634218,2.441062640936219,0.6552196083116978,6,0,0
sk0R,Ancient,74,5.864864864864865,1.4262988447699008,104.11981566820275,0.019619122904196398,3.6874538628221782,0.8149902006530345,9,1,0
sk0R,Inferno,42,5.9523809523809526,1.5566829268292683,63.824000000000005,0.025488718840966786,11.886468029807915,0.036376985154329376,7,1,1
sk0R,Mirage,47,4.74468085106383,0.6823942288945213,31.39013452914798,0.09864845261756555,4.767634806607659,0.4448914349425075,7,0,0
sk0R,Nuke,65,4.138461538461539,1.214800185873606,77.74721189591078,0.23186261385900792,2.112006021174527,0.8334398956274587,7,0,0
cobrazera,Ancient,62,5.532258064516129,1.148066720833533,70.0320699708455,0.40078336180739565,4.511676986780565,0.6077821135373913,8,0,0
cobrazera,Dust2,59,4.169491525423729,1.3410428931875524,77.78048780487804,0.0850983422486596,8.787961265201965,0.06662356078638375,6,0,0
cobrazera,Inferno,68,5.955882352941177,1.8064860880781275,121.03456790123452,0.00011773880776994482,10.200784510631795,0.11644724562801313,8,1,0
cobrazera,Mirage,50,4.72,0.8823936354202697,43.23728813559321,0.5901919779918129,6.049820714211051,0.30140129378954267,7,0,0
cobrazera,Nuke,57,4.017543859649122,1.2044603867747972,67.44978165938865,0.281070044596005,7.3176898800201,0.1980649948478006,7,0,0
Myggis,Mirage,45,4.622222222222222,0.9665646853146853,42.52884615384616,0.9304599054195907,3.283638097723778,0.5115288280684158,6,0,0
adamS,Ancient,56,5.285714285714286,1.4977886977886978,82.37837837837839,0.019666275989126028,4.51142387046588,0.47835641999182965,7,1,0
adamS,Anubis,46,5.456521739130435,1.4148738379814072,63.66932270916333,0.0694726756079024,10.62750950938789,0.03108517670120937,6,0,1
adamS,Dust2,46,5.239130434782608,1.6048870447210695,72.21991701244812,0.012313881818015297,3.205820559254551,0.5239913396025611,6,1,0
adamS,Inferno,56,5.928571428571429,1.3730558598028477,75.51807228915662,0.06920089585535631,3.707953506869627,0.5921808074373728,7,0,0
adamS,Mirage,65,4.923076923076923,1.6333007812499996,104.53124999999997,0.002081320019624984,7.501167166879839,0.1859548729570013,7,1,0
adamS,Nuke,117,4.3247863247863245,1.0916587160964972,126.63241106719367,0.4707501083648266,3.6797699755539703,0.7199185494948763,8,0,0
refrezh,Ancient,86,5.058139534883721,1.5693035835023665,133.39080459770116,0.001259285056799046,10.452908815276386,0.10682956657344678,8,1,0
refrezh,Anubis,62,5.483870967741935,1.1224686595949858,68.47058823529413,0.4774712003662035,7.288913852443473,0.2949530492942839,8,0,0
refrezh,Inferno,63,5.698412698412699,1.2716326713990473,78.84122562674095,0.14638770628581368,5.406830535759499,0.36827043269689436,7,0,0
refrezh,Nuke,53,4.339622641509434,1.0896321070234112,56.66086956521738,0.610744260834043,3.7813148668674543,0.43640984244098313,6,0,0
maxster,Ancient,83,5.0843373493975905,1.200265865217894,98.42180094786728,0.20883089594933574,9.632944379499058,0.14098503015756023,8,0,0
maxster,Dust2,42,4.857142857142857,0.7187948350071738,29.470588235294127,0.17978221109711662,1.5166204958941023,0.8236933334654548,6,0,0
maxster,Inferno,63,4.26984126984127,1.3916536755006594,86.28252788104089,0.04491293924092267,2.584400945570977,0.6295889005220088,6,1,0
maxster,Mirage,92,4.565217391304348,1.556462585034014,141.63809523809525,0.001079259339994591,11.934011361203211,0.06345722458527019,8,1,0
maxster,Nuke,53,3.5283018867924527,1.6744138214726447,87.06951871657753,0.0033105020582416744,15.871172337158388,0.003196993575414521,6,1,1
tN1R,Ancient,126,5.587301587301587,1.0918181818181822,136.47727272727278,0.4552715787286349,4.7672354021197005,0.6883439318457112,9,0,0
tN1R,Anubis,83,5.048192771084337,1.5311135688922524,125.55131264916469,0.0028262505489794767,10.288666586179112,0.11301026241699774,8,1,0
tN1R,Dust2,107,5.700934579439252,1.496659449427776,158.6459016393443,0.0014175782807456256,11.747420368335053,0.10917705872218536,9,1,0
tN1R,Inferno,60,5.5,1.2788906009244991,75.45454545454545,0.14614260895859887,11.155757739232712,0.08368019876846457,8,0,0
tN1R,Mirage,118,4.491525423728813,1.026608611514272,120.11320754716982,0.8062685615219459,4.030251683058546,0.6725823738509619,8,0,0
tN1R,Nuke,115,3.8434782608695652,1.1438437723267445,130.39819004524887,0.2794463036746076,6.683876455818116,0.24523214192684692,7,0,0
bl1x1,Ancient,154,5.7272727272727275,1.4864612511671336,227.42857142857142,0.00017763676977452597,17.336622111879564,0.015349883608964478,9,1,1
bl1x1,Anubis,82,5.060975609756097,1.436055332440875,116.32048192771086,0.012364777023046364,9.363117391925517,0.1541628174572665,8,1,0
bl1x1,Dust2,140,4.557142857142857,1.7879163753636589,248.52037617554856,6.658175220974277e-08,26.819383610778935,0.0003591667944466816,9,1,1
bl1x1,Inferno,52,5.0576923076923075,1.3523447401774396,68.96958174904942,0.09507058593916205,5.087613534615312,0.4052816368112561,7,0,0
bl1x1,Mirage,166,4.662650602409639,1.1712786782554223,193.26098191214464,0.1307766799755455,6.43225386794178,0.4902777391291522,9,0,0
bl1x1,Nuke,94,3.9148936170212765,1.0693080878915382,99.44565217391306,0.6095245403218887,2.5908526126481184,0.7627546091416699,7,0,0
SHOCK,Ancient,159,5.29559748427673,1.2442947773534982,196.59857482185274,0.04008127388665833,4.152067272811632,0.8431492881229676,10,1,0
SHOCK,Anubis,87,4.425287356321839,1.1857444880700696,101.97402597402599,0.2301553504007968,8.310994070792109,0.21619290848510866,8,0,0
SHOCK,Dust2,92,4.043478260869565,1.4670920477372087,133.505376344086,0.004963376700715646,4.053994135438251,0.5416686214800015,7,1,0
SHOCK,Inferno,144,4.548611111111111,1.4538514920194312,207.90076335877865,0.0006432082756611632,12.200859324058037,0.09414399286924816,9,1,0
SHOCK,Mirage,163,4.52760736196319,1.476027970156245,239.1165311653117,0.00015501024115333715,23.032179169667778,0.0016827508153627697,9,1,1
SHOCK,Nuke,173,4.046242774566474,1.1001162790697674,189.21999999999997,0.3498850484690297,3.485738005976044,0.7458662153348636,8,0,0
L1haNg,Ancient,108,6.657407407407407,1.5615015662979477,167.0806675938804,0.0003644022968211181,15.036703732437614,0.035531784313402405,9,1,1
L1haNg,Anubis,58,5.4655172413793105,1.965853118600919,112.05362776025238,3.72764673003627e-05,5.902748743481247,0.43417204954036714,8,1,0
L1haNg,Dust2,73,5.794520547945205,1.4619122668768059,105.25768321513002,0.012918771018085426,5.962523862138323,0.544132028332615,9,1,0
L1haNg,Inferno,83,7.108433734939759,1.327904092600248,108.88813559322033,0.05037307892137187,8.763495300827357,0.27008510412288683,9,0,0
L1haNg,Mirage,75,5.52,1.0250685468076772,75.85507246376811,0.8368286145959116,3.2552207342084936,0.7761992335618049,8,0,0
sAvana1,Ancient,83,5.168674698795181,1.471431008016374,120.65734265734267,0.007072579381780301,6.530446728328946,0.36645841565584264,8,1,0
sAvana1,Anubis,76,5.605263157894737,1.5037245696400625,112.77934272300469,0.0062821511103024865,4.67027212710717,0.5867433167376144,8,1,0
sAvana1,Inferno,50,5.88,1.3719283631820072,67.22448979591836,0.08584055596325456,6.5534755108950495,0.25602189384209384,7,0,0
sAvana1,Mirage,85,4.8,1.4821428571428574,124.50000000000003,0.005459984082005973,3.7429282309762817,0.586988765021432,7,1,0
sh1ro,Ancient,70,4.214285714285714,1.2028985507246377,83.00000000000001,0.23982756064177907,0.5149472240443733,0.9915657559780882,7,0,0
sh1ro,Anubis,46,3.8260869565217392,1.2348484848484846,55.56818181818181,0.26866785814332017,5.613599568946662,0.13199979792622485,5,0,0
sh1ro,Dust2,81,4.753086419753086,1.307207792207792,104.57662337662337,0.06800698178238589,14.779438296046322,0.011347531573362244,7,0,1
sh1ro,Mirage,83,3.674698795180723,1.4078368652538988,115.4426229508197,0.017642037597775946,13.382466584099586,0.02004647982620532,7,1,1
sh1ro,Nuke,70,3.8,1.0953470633104498,75.57894736842104,0.5488265638530317,1.316638538289741,0.9332103085279514,7,0,0
alpha,Ancient,77,5.987012987012987,1.4306998515812308,108.73318872017354,0.016381042988497733,6.236986281554059,0.3971732484545466,8,1,0
alpha,Dust2,70,7.3,1.5380186619019258,106.12328767123287,0.005462662285363035,13.191807473167335,0.04008915377727687,8,1,1
alpha,Mirage,79,5.1265822784810124,1.3872744539411213,108.20740740740746,0.02682892631315919,12.483484058878968,0.05201221052892574,8,1,0
alpha,Nuke,68,4.9411764705882355,1.1229566453447049,75.23809523809523,0.45839719435942844,9.295530334304777,0.09784135059020152,7,0,0
CacaNito,Ancient,92,4.934782608695652,0.9878491552500365,89.89427312775332,0.9738311501568935,3.68682631847393,0.7189698792409731,8,0,0
CacaNito,Anubis,55,4.509090909090909,1.2146057347670254,65.58870967741937,0.2682117627225415,4.03317173363382,0.401535158076862,6,0,0
CacaNito,Inferno,50,5.18,1.352848475297455,66.2895752895753,0.10083968960256488,3.177880729064881,0.6725835236881339,7,0,0
CacaNito,Mirage,90,5.222222222222222,1.7159933062395407,152.72340425531914,6.193442104489623e-05,10.454954055451063,0.1067545527564609,8,1,0
JDC,Ancient,117,5.367521367521367,1.2000603997364376,139.20700636942675,0.14006901496566948,7.901153817033671,0.34139078067551537,9,0,0
JDC,Dust2,70,4.914285714285715,1.1663296258847322,80.47674418604652,0.32533297340338607,6.098212056361846,0.296779447389039,7,0,0
JDC,Inferno,59,5.372881355932203,1.2508430327423037,72.54889589905362,0.18927223723106748,4.925655970881279,0.5533831386681667,8,0,0
JDC,Mirage,85,4.776470588235294,1.3278207834858076,111.53694581280783,0.047835239355097606,2.2403041502493095,0.8149933883853626,7,1,0
JDC,Nuke,72,4.291666666666667,1.3943661971830985,99.0,0.03146147640969824,8.817228213992145,0.18412094782023516,8,1,0
xKacpersky,Ancient,92,6.010869565217392,1.2925103829262963,117.61844484629296,0.06339674282007123,4.798220139362311,0.6845717054503919,9,0,0
xKacpersky,Anubis,57,5.754385964912281,1.6464503484320556,92.20121951219511,0.0033095800418578548,5.9776764826641955,0.308397158735585,7,1,0
xKacpersky,Dust2,64,5.34375,1.0528172282558248,66.32748538011695,0.7259245676840035,4.598104682860156,0.5962901459483292,8,0,0
xKacpersky,Mirage,55,5.527272727272727,1.3257797270955165,71.5921052631579,0.10955953600159343,3.4023054897279192,0.6382188154792623,7,0,0
xKacpersky,Nuke,75,4.413333333333333,1.0600146974769333,78.44108761329305,0.6799258710805423,4.139484877253064,0.5295134724014815,7,0,0
cobrazera,Ancient,62,5.532258064516129,1.148066720833533,70.0320699708455,0.40078336180739565,4.511676986780565,0.6077821135373913,8,0,0
cobrazera,Dust2,59,4.169491525423729,1.3410428931875524,77.78048780487804,0.0850983422486596,8.787961265201965,0.06662356078638375,6,0,0
cobrazera,Inferno,68,5.955882352941177,1.8064860880781275,121.03456790123452,0.00011773880776994482,10.200784510631795,0.11644724562801313,8,1,0
cobrazera,Mirage,50,4.72,0.8823936354202697,43.23728813559321,0.5901919779918129,6.049820714211051,0.30140129378954267,7,0,0
cobrazera,Nuke,57,4.017543859649122,1.2044603867747972,67.44978165938865,0.281070044596005,7.3176898800201,0.1980649948478006,7,0,0
spirit,Ancient,94,5.680851063829787,1.1705529378599333,108.86142322097379,0.2497187378458744,8.267151257914588,0.30962737173678145,9,0,0
spirit,Dust2,78,5.217948717948718,1.5214588850952484,117.15233415233413,0.004353604854900677,2.9643887027984976,0.8133029818576455,8,1,0
spirit,Mirage,58,4.206896551724138,1.3658326143226922,77.85245901639345,0.06932230435382103,3.892814907380088,0.4207060794125633,6,0,0
spirit,Nuke,77,4.259740259740259,1.4542682926829271,110.52439024390246,0.011921687163062033,9.024106286260526,0.17222688255482957,8,1,0
j3kie,Ancient,113,4.734513274336283,1.354105473965287,151.65981308411216,0.014994152769933386,8.61714049015753,0.2813244504828642,9,1,0
j3kie,Anubis,104,4.961538461538462,1.1502972830586287,118.48062015503875,0.2824831198462673,7.71043746691767,0.26009415645405826,8,0,0
j3kie,Dust2,98,4.336734693877551,1.4450697392359007,140.17176470588237,0.005474368878072529,7.981230157611699,0.2394816610553382,8,1,0
j3kie,Inferno,127,4.267716535433071,1.1509400808293795,145.0184501845018,0.23637860074455921,8.310232759548802,0.21624444103698,8,0,0
j3kie,Nuke,112,4.232142857142857,1.3878435397422741,154.05063291139243,0.008635619073184818,13.243246990804911,0.039331740288524514,8,1,1
ArroW,Ancient,72,4.527777777777778,0.9890261816296553,70.22085889570553,0.9923478031928326,9.222645029769184,0.10050639858749787,7,0,0
ArroW,Anubis,89,4.764044943820225,0.9589944253859347,84.39150943396226,0.8217015517477129,2.458542163257616,0.7827253480164433,7,0,0
ArroW,Inferno,64,5.4375,0.7932858967341726,49.97701149425287,0.23370050299687248,6.971971663304401,0.3234470307264259,8,0,0
7Kick,Dust2,55,4.654545454545454,1.7523148148148149,94.625,0.001054316334854942,2.8419507144882146,0.7243365695985529,7,1,0
7Kick,Mirage,62,4.951612903225806,1.4794147487584772,90.24429967426711,0.01768552821542916,11.732174925410833,0.03864772020329708,7,1,1
7Kick,Nuke,71,4.338028169014085,1.527643784786642,106.93506493506493,0.0059356660660533755,8.54057977921686,0.12885271988102498,7,1,0
facecrack,Ancient,45,6.511111111111111,1.5960285448340057,70.22525597269626,0.01444296737638406,7.77712015401775,0.16895430002502695,7,1,0
facecrack,Dust2,62,6.274193548387097,1.2289182013569893,74.96401028277634,0.21562827069178025,8.84408005844919,0.18253864955865798,8,0,0
keen,Inferno,46,6.3478260869565215,1.5698630136986302,70.64383561643837,0.0172955979336226,7.6063812834394735,0.268381724277411,8,1,0
keen,Mirage,63,5.492063492063492,1.2855677792280438,79.70520231213872,0.1289330442790518,6.972631168620385,0.32338567789508244,8,0,0
apocdud,Anubis,45,6.666666666666667,2.1136363636363638,93.0,4.604321111688181e-05,10.901140067303896,0.05337570176750384,7,1,0
apocdud,Dust2,60,7.1,1.7507758414896157,103.29577464788733,0.0006432001395253748,4.733790767420098,0.5783812637393608,8,1,0
apocdud,Inferno,64,7.25,1.4012041598248495,88.27586206896552,0.039051455905201066,2.533492909697803,0.8647006046699024,8,1,0
apocdud,Mirage,42,5.523809523809524,1.0529857022708158,43.17241379310345,0.7571849950639036,4.936683394577885,0.29385609196424217,6,0,0
apocdud,Nuke,63,5.777777777777778,1.5825062034739454,98.11538461538463,0.004735096386888417,3.9943309051386624,0.5502324533055795,7,1,0
naz,Ancient,72,5.180555555555555,1.70913416153759,121.34852546916889,0.0003716406198028229,11.370967823699335,0.07756592979070306,8,1,0
naz,Anubis,57,4.982456140350878,1.322434607645875,74.05633802816901,0.1068394839907182,11.657557933960089,0.03979356100695508,7,0,1
naz,Dust2,88,5.238636363636363,1.443713067544319,125.60303687635576,0.008572319537292823,7.074826000584303,0.3139827695268427,8,1,0
naz,Inferno,79,6.949367088607595,1.6931950866377101,132.0692167577414,0.00025674929006163695,4.355850958900597,0.7379984439336722,9,1,0
naz,Mirage,98,4.704081632653061,1.2413399825569695,120.40997830802604,0.10764850458981828,4.223543138306706,0.6464537587490222,8,0,0
naz,Nuke,106,3.5943396226415096,0.9368078990126234,98.36482939632546,0.6733061309099118,3.3009506828737503,0.6536961364516926,7,0,0
shield,Ancient,61,5.459016393442623,1.8536536536536536,111.21921921921923,0.00013111758599706732,9.652097194271128,0.14008832961143364,8,1,0
shield,Dust2,46,5.586956521739131,2.08084738434933,93.63813229571984,5.741880390819078e-05,8.985954570479194,0.10962569602017284,7,1,0
Jeorge,Ancient,82,5.512195121951219,0.8969736698350268,72.65486725663716,0.5308178500195474,5.151327624424301,0.5245560544374412,8,0,0
Jeorge,Dust2,93,5.774193548387097,1.2240709254311393,112.61452513966482,0.1422703915581297,10.936946825799238,0.14139311581167832,9,0,0
Jeorge,Inferno,71,5.450704225352113,1.22547065337763,85.7829457364341,0.19344241623799246,13.865740909215589,0.03117240230165318,8,0,1
Jeorge,Mirage,136,5.977941176470588,1.1708897088970889,158.070110701107,0.17031347892884557,11.067309406126896,0.19791444815314474,10,0,0
Jeorge,Nuke,71,5.126760563380282,1.2256671899529041,85.79670329670328,0.19309476018505795,2.29167113212851,0.8910157063377784,8,0,0
kaze,Ancient,63,5.158730158730159,1.695880893300248,105.14461538461538,0.001033216091895505,10.817361893753299,0.05512384950300838,7,1,0
kaze,Anubis,46,4.478260869565218,1.1982740021574971,53.92233009708737,0.34012374133584533,2.603289781620525,0.62624046417216,6,0,0
kaze,Inferno,56,5.732142857142857,1.487567261399037,81.81619937694703,0.0219359331867753,4.047300827752896,0.5426261005500346,7,1,0
kaze,Mirage,52,5.019230769230769,1.5195702802193674,77.49808429118774,0.019554788213705623,2.412005795396885,0.7896848894837704,7,1,0
nyezin,Ancient,64,4.671875,1.2846525455221107,80.93311036789298,0.1272016320380454,2.66256350037256,0.7518379575354162,7,0,0
nyezin,Dust2,57,4.7368421052631575,0.9841269841269843,55.11111111111112,0.9829984091582886,4.405530477498289,0.492621742496939,7,0,0
nyezin,Inferno,71,4.197183098591549,1.3316395014381592,93.21476510067114,0.06661018330562424,5.05607031410974,0.4090757180677055,7,0,0
nyezin,Mirage,82,4.463414634146342,1.3564055859137825,109.86885245901638,0.03619183442247078,10.508024891742934,0.10482454356272095,8,1,0
nyezin,Nuke,89,4.415730337078652,1.29088595882489,113.59796437659031,0.06905370574695369,5.938663833837194,0.4300960111783284,8,0,0
forsyy,Ancient,153,4.542483660130719,1.309238924649754,199.00431654676262,0.012534711736397936,26.50077484795207,0.00040973343290901914,9,1,1
forsyy,Anubis,99,4.232323232323233,1.1757342555160488,115.22195704057278,0.22564553530255899,3.674000031570011,0.7206940573249352,8,0,0
forsyy,Dust2,74,5.094594594594595,1.5281784818865596,111.55702917771885,0.004956924465834033,8.860835173872232,0.1815571984758588,8,1,0
forsyy,Inferno,125,5.456,1.4086415665499954,174.6715542521994,0.0037058034488575936,7.332402024430489,0.39510974915873787,9,1,0
forsyy,Mirage,177,4.254237288135593,1.0838917059036581,190.76494023904382,0.4229659609052774,9.065105510013607,0.24801548661528838,9,0,0
forsyy,Nuke,143,3.6083916083916083,1.4365378316410087,203.98837209302326,0.0010143736122287072,8.185749752712432,0.14629134738084204,7,1,0
